client_id,total_transactions,total_amount,avg_transaction,most_used_card,has_chip_card,num_cards,maximum_loan_amount,credit_score,yearly_income,risk_category
0,101,4252.269981,42.10168298,Mastercard,YES,1,1777600,763,59613,Low Risk
1,47,1566.159983,33.32255283,Visa,YES,2,565500,704,45360,Low Risk
2,101,2504.660002,24.79861388,Visa,YES,3,909161,673,27447,Low Risk
3,44,1544.789997,35.10886357,Visa,YES,1,2860,681,27943,Low Risk
4,128,5123.710013,40.02898448,Visa,YES,3,2791979,716,76431,Low Risk
5,43,2337.940014,54.370698,Visa,YES,2,634026,711,20614,Low Risk
11,92,4433.720027,48.19260899,Visa,YES,4,1391228,714,67643,Low Risk
13,81,2933.620027,36.2175312,Visa,YES,3,611771,588,32378,High Risk
14,36,1496.990023,41.58305619,Visa,YES,4,178543,652,32232,Low Risk
16,41,2619.159984,63.88195084,Visa,YES,5,319733,681,22158,Low Risk
17,144,6354.010008,44.1250695,Amex,YES,1,403200,759,21867,Low Risk
19,28,439.9900033,15.71392869,Mastercard,YES,1,1540,630,34903,High Risk
20,106,1794.19999,16.926415,Visa,YES,6,1652069,757,23371,Low Risk
21,67,1990.76001,29.71283597,Mastercard,YES,1,1415777,850,43084,Low Risk
24,87,2957.099993,33.98965509,Mastercard,YES,1,710355,708,38554,Low Risk
27,74,3758.449959,50.7898643,Visa,YES,4,879180,613,23821,High Risk
28,58,3995.409985,68.88637905,Mastercard,YES,1,1723586,789,54273,Low Risk
32,50,2411.05003,48.2210006,Mastercard,YES,3,646299,695,52315,Low Risk
33,89,3753.379978,42.17280874,Mastercard,YES,3,761437,596,38692,High Risk
34,117,5889.819982,50.34034172,Mastercard,YES,2,727175,737,51854,Low Risk
37,139,4121.819992,29.65338124,Mastercard,YES,2,2233543,683,34690,Low Risk
38,55,3206.199993,58.29454533,Mastercard,YES,1,204105,621,40006,High Risk
39,112,7886.870034,70.41848245,Visa,YES,2,989450,583,61740,High Risk
40,59,1183.140003,20.05322038,Visa,YES,3,167666,726,29243,Low Risk
42,62,1629.319986,26.27935461,Discover,YES,1,390600,684,8526,Low Risk
44,80,3582.300006,44.77875007,Mastercard,YES,3,747666,680,38194,Low Risk
45,41,728.0299997,17.75682926,Mastercard,YES,1,1804,654,63781,Low Risk
46,85,2928.639991,34.45458813,Mastercard,YES,3,341116,632,53996,High Risk
47,94,2273.939998,24.19085104,Mastercard,YES,3,691462,712,25434,Low Risk
48,78,1737.389995,22.2742307,Visa,YES,2,467082,733,16542,Low Risk
50,72,2829.449991,39.29791654,Visa,YES,2,777207,702,39238,Low Risk
52,200,17002.17998,85.01089992,Visa,YES,2,4188474,730,63796,Low Risk
53,137,4247.380007,31.00277377,Amex,YES,1,2027600,701,39700,Low Risk
55,124,2702.73,21.79620967,Visa,YES,3,1304468,717,44583,Low Risk
59,97,2651.360015,27.3336084,Visa,YES,4,867273,695,25066,Low Risk
60,92,5237.389989,56.92815206,Visa,YES,4,749980,655,34057,Low Risk
61,89,5254.659994,59.04112353,Visa,YES,1,2481142,801,93406,Low Risk
62,123,2877.310009,23.3927643,Visa,YES,5,1292254,716,22290,Low Risk
63,72,2116.359985,29.39388869,Visa,YES,4,1310698,660,35418,Low Risk
64,82,4263.50997,51.99402403,Mastercard,YES,1,1000400,702,51465,Low Risk
65,60,1114.549995,18.57583325,Visa,YES,2,580698,645,34517,High Risk
68,97,5551.720019,57.234227,Visa,YES,3,1697598,704,41997,Low Risk
69,72,1826.749998,25.37152776,Visa,YES,5,960775,748,38318,Low Risk
73,65,6434.760009,98.99630783,Mastercard,YES,1,773500,674,53478,Low Risk
75,60,3167.900051,52.79833418,Mastercard,YES,3,997323,564,22326,High Risk
77,142,9194.620006,64.75084511,Visa,YES,3,2044586,709,51110,Low Risk
78,118,2316.14999,19.62838975,Visa,YES,1,9794,688,25205,Low Risk
79,43,2265.620016,52.68883757,Mastercard,YES,2,566555,625,29164,High Risk
80,66,1964.619993,29.76696959,Visa,YES,3,331735,498,21815,High Risk
81,147,4706.150027,32.01462603,Visa,YES,5,470502,723,35560,Low Risk
84,129,3600.050008,27.9073644,Visa,YES,3,821688,738,25748,Low Risk
87,108,3627.250015,33.58564829,Visa,YES,1,680400,802,24155,Low Risk
89,135,4109.790001,30.4428889,Visa,YES,2,1874900,705,30217,Low Risk
90,84,4662.379993,55.50452372,Visa,YES,3,1574553,644,12796,High Risk
92,110,2912.309999,26.47554545,Visa,YES,4,1976769,689,31145,Low Risk
94,72,2184.220017,30.33638912,Visa,YES,1,1221264,593,36760,High Risk
96,379,22340.36993,58.94556711,Visa,YES,3,7296720,685,99825,Low Risk
98,178,5942.920001,33.38719102,Visa,YES,2,1464600,590,16646,High Risk
100,62,3687.679983,59.47870941,Visa,YES,4,1485884,813,48944,Low Risk
103,32,1250.110007,39.06593773,Visa,YES,2,573225,850,34774,Low Risk
104,65,2825.569993,43.47030758,Mastercard,NO,1,520000,713,37384,Low Risk
106,126,2174.169996,17.25531743,Mastercard,YES,2,1347892,624,29957,High Risk
107,38,2073.469968,54.56499915,Visa,NO,2,258140,734,26758,Low Risk
110,55,4467.450009,81.22636381,Visa,YES,1,31680,737,52186,Low Risk
112,181,7059.450066,39.00248655,Amex,YES,1,1610900,686,35114,Low Risk
113,41,3014.790001,73.53146344,Visa,YES,4,703100,788,39003,Low Risk
114,309,7111.300028,23.01391595,Mastercard,YES,1,8481123,725,34441,Low Risk
115,79,5275.36995,66.77683481,Visa,YES,3,2065228,748,101018,Low Risk
118,56,2832.48998,50.58017821,Mastercard,YES,2,248999,753,31533,Low Risk
119,66,2356.539994,35.70515142,Visa,YES,2,634788,624,56605,High Risk
120,28,2044.80001,73.02857178,Mastercard,YES,2,686664,781,61008,Low Risk
121,98,4668.330004,47.63602045,Visa,YES,1,1777426,721,45419,Low Risk
122,108,3612.049978,33.4449072,Visa,YES,4,1354884,786,39221,Low Risk
123,117,3279.510013,28.03000011,Mastercard,YES,2,1930472,824,36315,Low Risk
125,65,2061.669998,31.71799996,Mastercard,YES,4,312388,724,26535,Low Risk
126,127,2504.720002,19.72220474,Visa,YES,4,1491169,799,26600,Low Risk
127,99,6917.999982,69.8787877,Mastercard,YES,2,962780,729,31553,Low Risk
128,81,2722.359993,33.60938263,Mastercard,YES,1,1101681,722,31377,Low Risk
132,53,1920.35,36.23301887,Visa,YES,2,252553,696,31555,Low Risk
133,47,2804.120013,59.66212793,Mastercard,YES,2,1167723,698,62692,Low Risk
135,40,1459.989999,36.49974998,Mastercard,YES,1,89440,691,38088,Low Risk
137,157,9185.66996,58.50745198,Visa,YES,1,2096264,644,41069,High Risk
138,91,2647.630015,29.09483533,Visa,YES,4,750441,641,32770,High Risk
140,71,1446.599999,20.37464787,Mastercard,YES,2,1345156,739,42120,Low Risk
141,110,3273.489993,29.75899994,Visa,YES,4,1090002,638,23082,High Risk
142,130,7039.25998,54.1481537,Visa,YES,2,1618798,675,51788,Low Risk
145,61,1341.129992,21.98573757,Mastercard,YES,1,366000,696,25334,Low Risk
146,61,3010.930021,49.35950854,Visa,YES,2,1395796,717,68710,Low Risk
148,109,2965.630004,27.20761471,Visa,YES,5,1502776,663,38681,Low Risk
150,118,8604.030035,72.91550878,Visa,YES,3,2025562,782,71490,Low Risk
152,76,4759.970041,62.63118476,Visa,YES,2,526800,773,49335,Low Risk
153,45,1753.600018,38.96888928,Visa,YES,3,943693,660,27484,Low Risk
154,173,5386.619982,31.13653169,Visa,YES,2,2592708,666,37468,Low Risk
155,54,951.7100013,17.62425928,Mastercard,YES,2,446202,688,9678,Low Risk
156,118,2321.14,19.67067796,Visa,YES,2,274156,691,28007,Low Risk
157,104,4250.239989,40.8676922,Mastercard,YES,2,1302726,785,32847,Low Risk
161,128,3290.839968,25.70968725,Visa,YES,1,1429504,731,23469,Low Risk
162,69,4731.319988,68.5698549,Visa,YES,3,1931391,771,66111,Low Risk
164,82,2086.979983,25.45097541,Visa,YES,2,1427486,658,37829,Low Risk
165,135,14030.30993,103.9282217,Mastercard,YES,3,3908993,694,107683,Low Risk
169,56,646.619998,11.54678568,Mastercard,YES,1,705096,686,30451,Low Risk
170,51,2083.540003,40.85372555,Visa,YES,2,698880,768,36983,Low Risk
171,174,9649.26002,55.45551736,Visa,YES,3,2112594,694,49577,Low Risk
172,46,2452.55996,53.31652087,Visa,YES,2,810838,730,45164,Low Risk
173,5,11.07000005,2.21400001,Visa,YES,1,15,668,30399,Low Risk
176,118,4769.439973,40.41898283,Visa,YES,3,2182350,667,52172,Low Risk
177,81,8424.309982,104.0038269,Mastercard,YES,3,1882804,728,58248,Low Risk
178,94,3436.740005,36.56106388,Mastercard,YES,2,1669843,727,49045,Low Risk
180,56,1840.180009,32.86035731,Visa,YES,2,385000,840,26556,Low Risk
184,50,1574.049994,31.48099989,Mastercard,YES,3,293825,797,43529,Low Risk
185,86,3410.010007,39.65127915,Amex,YES,1,593400,779,30942,Low Risk
190,181,8518.65001,47.06436469,Visa,YES,5,2670167,711,44452,Low Risk
194,136,2811.990007,20.67639711,Visa,YES,4,1166445,746,30681,Low Risk
198,42,2001.100005,47.64523821,Amex,YES,1,344400,702,31497,Low Risk
199,90,4704.960055,52.27733394,Mastercard,YES,1,1591740,720,78329,Low Risk
200,98,3802.960016,38.80571445,Amex,YES,1,137200,701,36528,Low Risk
201,27,1034.259998,38.30592585,Visa,YES,2,224700,732,35823,Low Risk
203,59,2297.180012,38.93525444,Visa,YES,2,468500,776,30305,Low Risk
205,109,3842.339996,35.25082565,Mastercard,YES,1,1619631,809,39882,Low Risk
207,48,2212.840022,46.10083378,Mastercard,YES,2,715740,745,28553,Low Risk
208,288,10408.84997,36.14184017,Visa,YES,2,5503234,804,67747,Low Risk
209,127,2650.009998,20.86622046,Visa,YES,5,930143,716,29206,Low Risk
211,117,2215.709999,18.9376923,Visa,YES,2,1713881,755,28983,Low Risk
212,85,1776.939997,20.90517643,Visa,YES,3,730636,797,28137,Low Risk
213,84,4418.119996,52.59666662,Amex,YES,1,1713600,629,55172,High Risk
216,41,1943.539994,47.40341448,Visa,YES,2,469601,687,33178,Low Risk
217,97,3003.110002,30.95989693,Visa,YES,3,1588522,744,31031,Low Risk
218,93,2604.670012,28.00720443,Visa,YES,5,1107364,810,34190,Low Risk
219,44,903.2200047,20.52772738,Visa,YES,3,331250,798,22505,Low Risk
222,36,4259.660036,118.3238899,Mastercard,YES,1,1678356,714,93417,Low Risk
225,8,482.8099957,60.35124946,Visa,YES,1,165288,688,40887,Low Risk
227,75,4950.260026,66.00346701,Visa,YES,2,3260450,736,82295,Low Risk
229,89,4185.549991,47.02865159,Visa,NO,1,1486300,725,59248,Low Risk
230,61,1690.05,27.7057377,Visa,YES,3,704042,693,35501,Low Risk
231,90,3575.140034,39.72377816,Visa,YES,3,1140067,769,36270,Low Risk
234,71,2952.340003,41.58225356,Visa,YES,4,516714,726,37623,Low Risk
235,69,2759.439991,39.99188393,Mastercard,YES,1,2045712,721,48676,Low Risk
236,64,3288.209991,51.37828111,Visa,YES,1,388864,540,161276,High Risk
240,58,1081.559993,18.64758609,Mastercard,YES,1,1024686,745,34868,Low Risk
241,103,2623.599991,25.47184457,Visa,YES,3,1110585,737,30605,Low Risk
242,67,3442.009995,51.37328351,Visa,YES,2,1279687,850,43560,Low Risk
244,48,1634.559999,34.05333332,Mastercard,NO,1,340800,638,26802,High Risk
246,63,4733.9,75.14126984,Visa,YES,3,1991150,791,82298,Low Risk
247,142,12347.5299,86.95443589,Visa,YES,4,2152876,761,54587,Low Risk
248,52,1895.33001,36.44865404,Mastercard,YES,3,603315,684,13596,Low Risk
249,65,2316.950017,35.64538488,Visa,YES,3,630056,618,29835,High Risk
250,107,4008.189985,37.45971949,Visa,YES,5,811297,786,34671,Low Risk
252,177,6252.550003,35.32514126,Visa,YES,5,2491653,723,34985,Low Risk
254,25,1098.59999,43.9439996,Visa,YES,1,690575,734,67589,Low Risk
256,58,2509.050009,43.25948291,Visa,YES,2,780000,714,22850,Low Risk
257,59,3615.429996,61.2784745,Mastercard,YES,3,469051,708,31070,Low Risk
260,26,528.8000027,20.33846164,Mastercard,NO,1,1690,699,29110,Low Risk
261,99,5109.20999,51.60818172,Visa,YES,1,1405800,737,59093,Low Risk
264,78,3033.249978,38.88782023,Visa,YES,1,826800,696,44303,Low Risk
265,69,2146.330011,31.10623205,Visa,YES,2,855600,713,45497,Low Risk
273,90,3812.409994,42.36011104,Discover,YES,1,1314000,665,37415,Low Risk
274,79,4514.050044,57.13987397,Visa,YES,2,1321167,799,48810,Low Risk
275,174,8386.360006,48.1974713,Visa,YES,2,3868883,710,76288,Low Risk
277,105,2260.360005,21.52723814,Mastercard,YES,3,1241482,799,31739,Low Risk
278,112,8971.530021,80.10294661,Visa,YES,2,6040800,686,193768,Low Risk
280,86,4360.080014,50.69860481,Visa,YES,4,1080216,684,44585,Low Risk
282,74,1558.98999,21.0674323,Visa,NO,2,697350,702,25585,Low Risk
285,322,14783.25001,45.91071431,Visa,YES,5,3587965,731,34496,Low Risk
286,1,916.1900024,916.1900024,Mastercard,YES,1,20799,725,38223,Low Risk
287,79,2532.959993,32.06278472,Mastercard,YES,2,682734,710,43181,Low Risk
291,84,1740.14999,20.71607131,Mastercard,YES,2,260416,793,40407,Low Risk
293,78,2980.24999,38.20833321,Mastercard,NO,1,1570764,661,42084,Low Risk
299,30,1732.76,57.75866666,Visa,YES,2,271326,622,28229,High Risk
300,77,3140.610025,40.78714318,Mastercard,YES,1,2518208,750,75711,Low Risk
301,52,2979.780009,57.30346171,Visa,YES,1,1092000,679,52308,Low Risk
303,159,10910.92997,68.62220108,Visa,YES,3,2627900,690,60080,Low Risk
311,44,1515.579988,34.44499974,Mastercard,YES,2,162000,752,29510,Low Risk
316,85,5794.599999,68.17176469,Visa,YES,4,853884,719,39871,Low Risk
317,46,2371.289988,51.54978235,Visa,YES,3,466676,715,19199,Low Risk
319,76,4722.37001,62.1364475,Visa,YES,1,516800,628,28357,High Risk
320,47,2852.880002,60.69957451,Mastercard,YES,2,653996,625,35641,High Risk
321,87,3580.999979,41.16091929,Mastercard,YES,2,1651068,698,40177,Low Risk
322,60,647.219996,10.78699993,Mastercard,YES,3,261780,829,28055,Low Risk
323,157,2963.080009,18.87312108,Visa,YES,4,1143234,683,26696,Low Risk
327,71,2238.499975,31.52816867,Visa,YES,2,956824,772,36843,Low Risk
328,6,431.4399948,71.9066658,Visa,YES,1,79200,700,36323,Low Risk
331,58,1918.319989,33.07448256,Mastercard,YES,1,742458,732,29907,Low Risk
332,68,3730.600024,54.86176506,Visa,YES,3,601708,703,37362,Low Risk
334,45,2765.560001,61.45688891,Amex,YES,1,427500,697,40407,Low Risk
335,79,5403.159981,68.39443014,Visa,YES,1,1848679,688,56467,Low Risk
343,91,1809.600011,19.8857144,Visa,YES,3,1910152,764,47643,Low Risk
345,55,1997.559995,36.31927264,Visa,YES,1,434500,724,35499,Low Risk
346,77,4285.730027,55.65883152,Mastercard,YES,6,1050692,687,48580,Low Risk
348,43,1462.28,34.00651162,Visa,NO,1,1216169,719,46377,Low Risk
349,116,1791.239995,15.4417241,Visa,YES,2,2343456,685,43229,Low Risk
350,97,4060.459999,41.86041236,Visa,YES,2,1927859,737,58463,Low Risk
351,77,1749.750004,22.72402602,Visa,YES,3,454460,807,17150,Low Risk
354,114,4361.350007,38.2574562,Visa,YES,3,2993556,713,31942,Low Risk
356,150,6505.900005,43.3726667,Mastercard,YES,1,2115000,691,41420,Low Risk
357,72,3357.860023,46.63694476,Visa,YES,4,2108965,735,80156,Low Risk
359,76,2436.809983,32.06328925,Mastercard,NO,1,1026000,799,57383,Low Risk
360,122,2769.799996,22.70327866,Mastercard,YES,1,3416366,791,46278,Low Risk
361,48,1504.169997,31.33687493,Visa,YES,3,509958,804,39052,Low Risk
362,101,6623.330019,65.57752494,Visa,YES,2,1092828,792,48710,Low Risk
363,125,7301.609982,58.41287986,Visa,YES,2,1710420,701,48686,Low Risk
364,110,6040.519993,54.91381812,Visa,NO,1,1287000,775,39809,Low Risk
366,111,2523.61001,22.73522531,Visa,YES,4,1779701,625,39911,High Risk
368,90,2841.039986,31.56711096,Visa,YES,3,547503,726,42806,Low Risk
369,131,10720.19997,81.83358753,Visa,YES,3,1662750,788,51499,Low Risk
370,59,1732.240005,29.36000009,Visa,YES,3,742113,655,41904,Low Risk
371,166,12306.91003,74.1380122,Visa,YES,3,3251985,719,92368,Low Risk
373,219,4009.610007,18.30872149,Visa,YES,4,1203414,812,21397,Low Risk
374,21,839.1500106,39.95952431,Visa,YES,4,201662,689,31177,Low Risk
375,96,1479.929986,15.41593736,Mastercard,YES,3,1700139,695,37617,Low Risk
376,150,5709.82998,38.0655332,Visa,YES,3,1959392,773,57975,Low Risk
377,107,6017.349954,56.23691546,Visa,YES,5,1989628,750,39110,Low Risk
379,212,4128.319998,19.47320754,Mastercard,YES,2,4855952,765,43496,Low Risk
380,78,2804.820006,35.95923085,Mastercard,YES,1,842400,800,37857,Low Risk
383,63,1596.889999,25.3474603,Mastercard,YES,2,722600,760,34287,Low Risk
385,89,2645.090007,29.72011244,Visa,YES,2,763770,740,30434,Low Risk
386,109,4301.070011,39.4593579,Mastercard,YES,1,2735137,655,49967,Low Risk
387,89,1300.730002,14.61494384,Mastercard,YES,1,4361,723,45388,Low Risk
391,41,1591.440009,38.81560998,Visa,YES,2,129587,731,35270,Low Risk
393,55,2076.829994,37.76054535,Visa,YES,1,536360,765,32387,Low Risk
394,120,4767.359996,39.72799997,Mastercard,YES,1,2797200,684,69604,Low Risk
395,53,1998.260012,37.7030191,Visa,YES,1,869200,739,49611,Low Risk
397,52,1039.869993,19.99749986,Mastercard,YES,1,566228,770,20424,Low Risk
398,59,2297.99002,38.94898339,Visa,YES,2,1125833,737,37401,Low Risk
400,74,2536.420001,34.27594596,Mastercard,YES,2,402588,711,39770,Low Risk
401,108,4833.269964,44.75249967,Mastercard,YES,1,1910628,806,28644,Low Risk
402,56,3043.120008,54.34142872,Mastercard,YES,1,1132880,744,43954,Low Risk
403,37,2982.580015,80.61027068,Mastercard,YES,1,257409,759,36496,Low Risk
408,173,9262.579974,53.5409247,Visa,YES,2,2811628,741,31343,Low Risk
410,41,1275.249985,31.10365817,Mastercard,YES,1,1099702,610,46956,High Risk
414,70,6785.639941,96.93771345,Mastercard,YES,1,4389210,709,112875,Low Risk
415,68,2179.00001,32.04411779,Visa,YES,2,1004915,763,33729,Low Risk
416,93,2919.690018,31.39451632,Visa,YES,6,808863,765,38273,Low Risk
419,141,4468.910004,31.69439719,Visa,YES,3,1422826,734,33540,Low Risk
421,174,5115.520001,29.39954023,Mastercard,YES,4,2551938,790,45876,Low Risk
425,182,6157.320009,33.83142862,Mastercard,YES,1,5526612,688,59482,Low Risk
428,114,5085.440001,44.60912281,Mastercard,YES,1,1630200,689,56486,Low Risk
430,202,10410.88999,51.53905937,Visa,YES,4,3504120,685,53350,Low Risk
432,95,4593.809972,48.35589445,Visa,YES,2,730237,686,26546,Low Risk
433,68,2764.849972,40.65955841,Visa,YES,1,720800,771,31957,Low Risk
437,101,4282.949994,42.40544549,Mastercard,YES,2,3233915,718,72670,Low Risk
438,32,1124.360012,35.13625039,Mastercard,YES,1,73824,633,34034,High Risk
442,140,5822.079991,41.58628565,Visa,YES,4,4958400,791,48600,Low Risk
447,68,1860.529991,27.36073516,Visa,YES,5,728978,796,30977,Low Risk
449,78,3360.580021,43.08435925,Mastercard,YES,2,1173450,729,39796,Low Risk
450,83,4846.319981,58.38939737,Visa,YES,2,1373288,739,43192,Low Risk
451,50,2530.340009,50.60680017,Mastercard,YES,2,185716,711,28951,Low Risk
452,69,3733.799992,54.11304336,Mastercard,YES,1,2288454,704,63356,Low Risk
456,92,2993.439986,32.53739115,Visa,YES,2,914064,751,34947,Low Risk
457,75,5991.980018,79.89306691,Visa,YES,3,983328,705,36324,Low Risk
458,33,2722.850003,82.51060614,Mastercard,YES,2,403179,530,49068,High Risk
459,62,3211.059964,51.79128975,Visa,YES,2,417000,734,25257,Low Risk
460,105,3958.160019,37.69676208,Visa,YES,4,3058967,608,40957,High Risk
461,207,6884.860024,33.26019335,Mastercard,YES,2,5922294,784,65403,Low Risk
462,94,3542.960009,37.69106392,Visa,YES,4,1958293,767,50696,Low Risk
464,231,16084.33005,69.62913442,Amex,YES,1,4158000,850,67444,Low Risk
465,70,1504.92999,21.49899985,Mastercard,YES,2,826127,724,41965,Low Risk
467,118,3459.089993,29.31432198,Visa,YES,2,1542700,705,44831,Low Risk
468,69,2857.75998,41.41681131,Mastercard,YES,2,1220700,714,47374,Low Risk
469,92,3321.020014,36.09804363,Visa,YES,1,2898368,682,46945,Low Risk
470,108,4524.48,41.89333334,Visa,YES,3,535550,747,28553,Low Risk
472,185,5118.599988,27.66810804,Visa,YES,4,2923746,672,46039,Low Risk
473,50,1937.249993,38.74499986,Visa,YES,1,355000,682,28181,Low Risk
474,183,6400.660026,34.97628429,Visa,YES,5,5509906,683,80957,Low Risk
476,185,5506.570002,29.76524325,Visa,YES,1,5833975,724,41473,Low Risk
477,81,4267.710013,52.68777794,Visa,YES,3,708938,697,49467,Low Risk
478,80,3818.770008,47.7346251,Visa,YES,3,1349537,803,72807,Low Risk
479,67,2078.939976,31.02895486,Visa,YES,2,570520,692,61173,Low Risk
480,80,3506.450024,43.8306253,Mastercard,YES,4,3286756,713,86113,Low Risk
483,47,1694.059988,36.04382954,Mastercard,YES,1,615700,713,39969,Low Risk
487,86,7059.029998,82.08174417,Visa,YES,2,1693390,735,55059,Low Risk
488,217,15021.36001,69.22285717,Mastercard,NO,1,4243218,745,32126,Low Risk
489,52,2898.560022,55.74153889,Visa,YES,2,541651,684,36753,Low Risk
490,192,14213.10002,74.0265626,Visa,YES,4,3271042,699,33426,Low Risk
491,27,1895.039987,70.18666618,Visa,YES,3,193354,651,27013,Low Risk
494,77,5218.950016,67.77857164,Mastercard,YES,1,1039500,779,56347,Low Risk
496,63,2794.790001,44.36174605,Mastercard,YES,3,327518,730,36319,Low Risk
497,94,3842.620011,40.87893629,Visa,YES,4,1467665,850,52380,Low Risk
502,177,5173.550028,29.2290962,Discover,YES,1,1398300,745,36440,Low Risk
503,85,1677.490003,19.73517651,Visa,YES,2,5201,694,29564,Low Risk
506,127,6132.429988,48.2868503,Mastercard,YES,4,1428556,733,52841,Low Risk
509,117,3354.059998,28.66717947,Visa,YES,2,2230046,702,44534,Low Risk
511,213,8788.720003,41.26159626,Visa,YES,4,1452016,661,35602,Low Risk
514,98,3294.190013,33.6141838,Visa,YES,3,1432013,698,32295,Low Risk
515,86,1270.240003,14.77023259,Mastercard,YES,3,654415,676,41865,Low Risk
517,40,700.4600017,17.51150004,Mastercard,YES,1,200000,811,24009,Low Risk
519,61,1744.890003,28.60475415,Mastercard,YES,1,753533,770,39508,Low Risk
520,64,2342.949998,36.60859372,Mastercard,YES,2,1627386,766,57658,Low Risk
526,102,3193.659996,31.31039211,Visa,YES,4,1238454,627,64481,High Risk
528,61,2002.209989,32.82311457,Mastercard,YES,2,342625,718,40478,Low Risk
530,106,1438.329993,13.56915088,Mastercard,YES,2,1691926,682,18100,Low Risk
538,106,3300.059992,31.13264143,Visa,YES,3,544244,814,30265,Low Risk
542,87,1903.330007,21.8773564,Visa,YES,5,735100,704,29496,Low Risk
543,57,2206.940012,38.71824582,Mastercard,YES,1,354654,749,30721,Low Risk
545,66,2462.749986,37.31439373,Visa,YES,2,1182043,715,45707,Low Risk
546,65,3282.570015,50.50107715,Mastercard,YES,2,836130,681,51196,Low Risk
547,74,2053.039981,27.74378353,Mastercard,NO,1,1553852,778,31901,Low Risk
549,69,4931.930001,71.4772464,Visa,YES,2,1090360,719,62304,Low Risk
550,122,5837.189997,47.84581965,Mastercard,YES,2,971200,763,30248,Low Risk
552,131,5448.860039,41.59435144,Mastercard,YES,1,2440137,602,52538,High Risk
554,133,6713.030021,50.47390993,Visa,YES,3,2487504,690,53357,Low Risk
556,139,4849.119946,34.88575501,Mastercard,YES,1,2772772,715,36405,Low Risk
557,125,5390.190015,43.12152012,Mastercard,YES,1,761250,669,28245,Low Risk
561,69,2146.499991,31.10869552,Mastercard,YES,2,1378020,834,36853,Low Risk
563,80,4530.240056,56.62800069,Visa,YES,2,1504119,737,49531,Low Risk
564,113,4713.239992,41.71008843,Mastercard,YES,1,1096100,765,42411,Low Risk
565,122,5798.449996,47.52827865,Mastercard,YES,1,2158058,757,43598,Low Risk
566,139,5055.570016,36.37100731,Mastercard,YES,4,1538900,814,46244,Low Risk
570,70,2735.209995,39.0744285,Mastercard,YES,1,1339240,625,32245,High Risk
571,148,5464.049992,36.9192567,Mastercard,YES,1,1812556,739,36711,Low Risk
573,139,2532.470008,18.21920869,Amex,YES,1,472600,589,30011,High Risk
575,75,2629.949997,35.06599996,Visa,YES,2,1622116,813,26476,Low Risk
576,70,2869.42001,40.99171443,Visa,YES,3,1289056,638,63502,High Risk
580,97,2192.52002,22.60329917,Mastercard,YES,2,1132730,768,36857,Low Risk
581,70,1937.219994,27.67457135,Visa,YES,2,1080622,684,29962,Low Risk
583,48,1990.080008,41.46000016,Mastercard,YES,1,167184,636,28954,High Risk
584,99,2473.33001,24.98313141,Mastercard,YES,2,900570,743,29195,Low Risk
585,95,3305.149987,34.79105249,Mastercard,NO,1,1891735,584,41483,High Risk
589,30,2198.689998,73.28966659,Mastercard,YES,1,268860,595,27035,High Risk
592,153,3998.700006,26.13529416,Visa,YES,4,1312477,714,23993,Low Risk
595,43,2226.829998,51.78674413,Visa,YES,3,619292,699,29041,Low Risk
597,127,5279.350033,41.5696853,Visa,YES,5,6304720,736,65055,Low Risk
598,197,9277.810006,47.09548226,Visa,YES,2,3229303,628,43144,High Risk
601,72,2057.870013,28.58152796,Visa,YES,3,546000,761,43004,Low Risk
602,139,4688.799976,33.73237393,Visa,YES,2,1828454,681,34437,Low Risk
604,35,3152.170001,90.06200003,Visa,YES,2,1061143,736,70840,Low Risk
605,138,3848.680022,27.88898566,Visa,YES,2,745512,725,47542,Low Risk
609,63,1568.37999,24.89492047,Visa,YES,2,639800,717,37536,Low Risk
613,80,3041.150012,38.01437515,Visa,YES,2,1762560,712,56562,Low Risk
614,110,2631.369991,23.92154537,Visa,YES,3,2070300,779,16430,Low Risk
615,93,5717.40999,61.47752677,Visa,YES,2,1608914,713,44766,Low Risk
618,46,1467.790002,31.9084783,Visa,YES,1,574816,701,27795,Low Risk
619,65,3149.870007,48.45953857,Visa,YES,3,2094190,748,53986,Low Risk
621,50,1561.300006,31.22600012,Mastercard,YES,1,68400,612,27372,High Risk
623,65,3835.200007,59.00307704,Visa,YES,2,1300391,616,77961,High Risk
628,69,1788.189992,25.91579699,Mastercard,YES,1,5244,815,107075,Low Risk
629,75,6612.47998,88.16639974,Mastercard,YES,4,1583977,793,57513,Low Risk
630,180,14643.51,81.35283335,Mastercard,YES,2,2325568,491,39521,High Risk
631,90,3354.859996,37.27622218,Mastercard,YES,3,1137787,682,33811,Low Risk
633,40,3038.490013,75.96225033,Mastercard,YES,1,717640,743,50179,Low Risk
634,59,3203.220016,54.29186469,Amex,YES,1,654900,683,49079,Low Risk
636,54,1287.449995,23.84166658,Mastercard,YES,1,479628,793,24372,Low Risk
637,56,1963.60999,35.06446411,Visa,YES,3,1769569,771,77288,Low Risk
638,46,3070.7,66.75434782,Mastercard,YES,2,714142,679,16889,Low Risk
639,192,4275.179988,22.26656244,Visa,YES,2,2852181,654,37645,Low Risk
641,185,5952.109992,32.17356753,Mastercard,YES,3,3700125,735,37556,Low Risk
642,41,1544.559998,37.67219507,Visa,YES,3,386868,648,34143,High Risk
646,75,3226.750015,43.02333354,Mastercard,YES,1,1087500,786,43634,Low Risk
648,64,844.4000071,13.19375011,Mastercard,YES,1,179200,674,29854,Low Risk
649,102,2162.719993,21.20313719,Visa,YES,4,761761,847,46408,Low Risk
650,52,1647.49001,31.6825002,Visa,YES,4,180442,707,24215,Low Risk
652,114,2814.530007,24.68885971,Visa,YES,5,1284212,784,22726,Low Risk
655,113,2027.17999,17.93964592,Visa,YES,2,1164502,552,30340,High Risk
657,59,1861.550001,31.55169494,Visa,YES,2,1188222,705,33897,Low Risk
658,90,3749.16001,41.65733345,Visa,YES,3,1831426,725,52630,Low Risk
659,95,2829.220005,29.78126321,Mastercard,YES,2,361514,812,32583,Low Risk
663,103,4325.480022,41.99495167,Visa,YES,3,2148793,655,70554,Low Risk
665,71,4228.88999,59.56183085,Visa,YES,5,559827,790,11613,Low Risk
667,142,4704.260031,33.12859177,Visa,YES,5,3846354,714,41763,Low Risk
668,124,3156.620006,25.45661295,Visa,YES,4,811220,747,16342,Low Risk
669,104,2732.610002,26.27509617,Visa,YES,2,1116816,683,41141,Low Risk
671,77,3423.690014,44.46350668,Visa,YES,1,669900,769,34032,Low Risk
672,151,2793.689986,18.50125819,Visa,YES,2,1347659,722,23967,Low Risk
674,130,2303.649992,17.72038455,Mastercard,YES,4,928978,756,28147,Low Risk
676,129,4400.579994,34.11302321,Visa,YES,2,4259325,775,65053,Low Risk
677,67,5020.749993,74.93656707,Visa,YES,1,1547700,729,67226,Low Risk
679,61,1109.029997,18.18081961,Mastercard,YES,3,595636,765,34272,Low Risk
683,60,2920.749975,48.67916625,Visa,YES,4,1186682,704,51039,Low Risk
692,97,2284.280003,23.54927838,Visa,YES,4,1711006,701,42701,Low Risk
696,109,9814.610033,90.04229388,Visa,YES,4,2747183,766,110570,Low Risk
699,96,1409.699999,14.68437499,Visa,YES,3,1246097,698,45475,Low Risk
702,134,9002.200009,67.18059708,Visa,YES,3,1293968,721,71103,Low Risk
704,140,13339.68,95.2834286,Visa,YES,2,6183800,840,112695,Low Risk
705,159,6800.890052,42.77289341,Visa,YES,2,645605,609,79870,High Risk
706,66,4016.779984,60.86030278,Amex,YES,1,904200,602,67589,High Risk
708,55,8635.119991,157.0021816,Visa,YES,2,5029850,722,249925,Low Risk
711,123,7704.299993,62.63658531,Visa,YES,1,1176126,657,40894,Low Risk
712,70,2559.829994,36.56899991,Visa,YES,2,1263164,720,29130,Low Risk
714,70,1956.980008,27.95685726,Visa,YES,2,4634,760,73383,Low Risk
716,121,4407.740017,36.42760345,Mastercard,YES,1,1185800,769,26511,Low Risk
719,96,5657.67001,58.9340626,Mastercard,YES,1,2085792,767,50139,Low Risk
720,39,1242.279995,31.8533332,Visa,YES,2,86010,682,19800,Low Risk
721,85,1762.149994,20.7311764,Visa,YES,3,796300,850,38386,Low Risk
723,95,1673.000008,17.6105264,Visa,YES,3,774171,828,35397,Low Risk
724,44,1753.050001,39.84204548,Mastercard,YES,1,724944,731,35142,Low Risk
726,84,1472.249991,17.52678561,Mastercard,YES,3,1505887,717,44924,Low Risk
727,105,2186.639993,20.82514279,Visa,YES,3,1483179,801,40522,Low Risk
728,74,2257.140015,30.50189209,Mastercard,YES,2,796499,721,33076,Low Risk
729,91,2855.330011,31.37725287,Visa,YES,3,1625040,850,24884,Low Risk
732,55,2306.359978,41.93381778,Visa,YES,3,557387,756,39191,Low Risk
733,139,10196.89995,73.35899245,Mastercard,YES,3,1948768,606,53138,High Risk
734,81,1972.69002,24.35419777,Visa,YES,2,503956,693,24917,Low Risk
737,144,5462.710003,37.93548613,Visa,NO,1,977616,758,30359,Low Risk
738,73,5963.569989,81.69273957,Mastercard,YES,2,1538665,707,63974,Low Risk
742,36,714.8200011,19.85611114,Visa,YES,2,2090,698,50753,Low Risk
743,47,2050.890011,43.63595767,Visa,YES,1,469906,682,32491,Low Risk
744,92,2878.730006,31.29054354,Mastercard,YES,3,532224,842,44699,Low Risk
746,87,2690.519999,30.92551723,Amex,YES,1,591600,689,30288,Low Risk
747,80,2936.779997,36.70974996,Visa,YES,1,1457360,687,28828,Low Risk
748,51,2561.499987,50.22548994,Visa,YES,1,734400,706,37534,Low Risk
750,44,1408.11999,32.00272705,Mastercard,YES,2,201812,694,30165,Low Risk
751,72,5571.619976,77.38361077,Visa,YES,1,1447200,593,49677,High Risk
752,64,5777.150036,90.26796931,Visa,YES,3,978972,664,64829,Low Risk
754,132,6137.509985,46.49628776,Visa,YES,5,953254,705,32817,Low Risk
755,29,1199.519996,41.36275848,Visa,YES,2,423151,642,23137,High Risk
757,103,5232.770012,50.80359235,Mastercard,YES,2,1215303,691,46232,Low Risk
758,129,1728.399996,13.39844958,Mastercard,YES,3,1162827,764,43180,Low Risk
759,50,2580.589971,51.61179942,Mastercard,YES,2,941595,687,74550,Low Risk
760,104,3287.699995,31.61249995,Amex,YES,1,946400,778,37558,Low Risk
762,62,1616.460004,26.07193554,Mastercard,YES,1,841278,683,37298,Low Risk
763,126,8259.39001,65.55071437,Visa,YES,1,3061800,642,103126,High Risk
764,84,4639.369968,55.23059485,Amex,YES,1,1167600,712,31066,Low Risk
771,57,2237.050015,39.24649149,Mastercard,YES,3,643821,765,38661,Low Risk
772,55,938.0099908,17.05472711,Mastercard,YES,1,3410,741,46075,Low Risk
773,53,1787.88999,33.7337734,Mastercard,YES,1,602716,786,11029,Low Risk
774,50,2293.280007,45.86560014,Visa,YES,1,835850,588,33395,High Risk
776,77,9182.029987,119.2471427,Mastercard,YES,1,3722488,616,97455,High Risk
779,155,7423.059997,47.89070966,Visa,YES,5,1962085,755,32669,Low Risk
782,209,5863.310011,28.05411488,Visa,YES,2,1553015,722,37169,Low Risk
783,56,1892.779981,33.79964252,Mastercard,YES,2,274491,693,29769,Low Risk
789,76,2135.319995,28.09631572,Mastercard,YES,2,1162146,690,49788,Low Risk
790,109,3446.100016,31.61559647,Mastercard,YES,2,2341594,743,46361,Low Risk
791,52,2296.470004,44.1628847,Visa,NO,1,1634048,645,39263,High Risk
793,59,1529.320013,25.92067819,Visa,YES,1,985300,703,42593,Low Risk
794,52,1518.610007,29.20403859,Mastercard,YES,1,580528,730,29621,Low Risk
795,144,8804.990021,61.14576404,Mastercard,YES,1,4002480,759,75918,Low Risk
797,55,2437.45,44.31727273,Mastercard,YES,2,1752894,651,62005,Low Risk
798,57,3266.629996,57.30929817,Visa,YES,4,1452400,715,49076,Low Risk
801,79,2571.259998,32.54759491,Visa,YES,4,738809,723,23175,Low Risk
802,85,4418.730017,51.98505902,Mastercard,YES,1,1555500,752,59872,Low Risk
803,93,1629.040012,17.51655927,Mastercard,YES,1,6231,635,46487,High Risk
804,139,3759.680007,27.0480576,Visa,YES,5,1540134,812,30252,Low Risk
807,53,2484.020007,46.86830203,Visa,NO,1,1637859,691,38487,Low Risk
810,143,6433.620047,44.99034998,Visa,YES,3,1637888,705,22540,Low Risk
811,112,7143.28,63.77928571,Mastercard,YES,1,3468752,741,84694,Low Risk
814,118,2938.430007,24.90194921,Mastercard,YES,2,1180208,748,16302,Low Risk
816,64,2138.17,33.40890624,Visa,YES,4,616031,759,36285,Low Risk
819,76,1309.329994,17.22802624,Visa,YES,1,638400,687,37495,Low Risk
820,135,6168.850015,45.6951853,Mastercard,YES,4,1522291,633,41902,High Risk
821,44,1680.159973,38.18545392,Mastercard,YES,1,102872,645,18015,High Risk
822,78,2346.639997,30.08512816,Mastercard,YES,3,1307448,793,34540,Low Risk
823,74,2893.220014,39.09756776,Visa,YES,2,826742,807,41496,Low Risk
825,112,7849.039999,70.08071428,Visa,YES,3,2900455,787,59696,Low Risk
826,33,3112.720004,94.32484861,Mastercard,YES,1,458700,684,57705,Low Risk
827,65,1911.88999,29.41369215,Visa,YES,3,431153,616,30984,High Risk
828,151,4273.070018,28.29847694,Mastercard,YES,2,1363500,659,35906,Low Risk
831,72,3264.05,45.33402777,Mastercard,YES,2,611692,726,37316,Low Risk
832,36,3692.240014,102.5622226,Visa,YES,1,837360,625,50329,High Risk
837,60,1546.410007,25.77350011,Mastercard,YES,1,402000,679,36092,Low Risk
839,36,4026.680022,111.8522228,Mastercard,YES,1,1338912,622,54384,High Risk
840,140,19247.16001,137.4797144,Visa,YES,4,4086193,694,88432,Low Risk
843,74,2492.409994,33.68121614,Visa,YES,1,776630,822,28325,Low Risk
844,36,1945.059999,54.02944441,Visa,YES,1,360000,738,18149,Low Risk
845,106,4666.759993,44.02603767,Visa,YES,5,1206806,786,36710,Low Risk
846,200,7176.670027,35.88335013,Visa,YES,3,2235600,745,67761,Low Risk
847,129,7312.719978,56.68775176,Visa,YES,4,483620,591,27864,High Risk
848,59,4622.510012,78.34762732,Visa,YES,2,986929,711,68362,Low Risk
849,81,1955.670001,24.14407409,Visa,YES,2,1469840,711,43828,Low Risk
851,37,645.8099978,17.45432426,Visa,YES,2,19305,757,31399,Low Risk
852,197,5214.460024,26.46934023,Visa,YES,2,2704038,738,40156,Low Risk
855,83,1835.119992,22.10987942,Visa,YES,3,870771,699,22557,Low Risk
858,172,4046.81999,23.5280232,Visa,YES,2,2160200,700,30774,Low Risk
859,56,1803.560003,32.20642862,Mastercard,YES,1,492800,631,32531,High Risk
860,154,7368.250012,47.8457793,Mastercard,YES,2,5722992,692,62791,Low Risk
865,92,6978.509985,75.85336941,Amex,YES,1,846400,693,37786,Low Risk
866,95,5022.310061,52.86642169,Mastercard,YES,2,577188,639,61904,High Risk
868,114,5873.810007,51.52464918,Visa,YES,5,703217,706,31046,Low Risk
869,38,1043.309993,27.45552612,Mastercard,YES,1,3648,745,34220,Low Risk
870,130,4089.669989,31.45899991,Visa,NO,2,3835190,821,71593,Low Risk
871,165,3815.109996,23.12187876,Visa,YES,4,1335736,690,22650,Low Risk
872,133,5079.269996,38.18999997,Visa,YES,2,1286442,655,31505,Low Risk
875,35,1635.540007,46.72971448,Discover,NO,1,500500,728,41907,Low Risk
876,92,2843.239974,30.90478233,Visa,YES,2,711239,600,49817,High Risk
877,77,4151.219986,53.91194787,Amex,YES,1,924000,610,34317,High Risk
879,56,1293.749998,23.10267853,Visa,YES,2,561876,702,22714,Low Risk
882,51,1464.020008,28.70627466,Mastercard,YES,1,890103,612,36743,High Risk
884,130,5525.609994,42.50469226,Visa,YES,3,859853,631,42812,High Risk
885,91,1097.940002,12.06527475,Mastercard,YES,2,247032,700,28334,Low Risk
888,37,2695.670005,72.85594608,Mastercard,YES,1,381285,698,33566,Low Risk
890,50,2563.330004,51.26660009,Visa,NO,1,825000,727,52181,Low Risk
891,152,4135.939997,27.21013156,Visa,YES,3,2402052,746,34854,Low Risk
895,82,3577.110023,43.62329297,Visa,YES,2,424309,832,31632,Low Risk
898,72,1586.219981,22.03083307,Visa,YES,2,266852,566,19893,High Risk
900,65,2142.739981,32.96523048,Visa,YES,2,299172,735,32896,Low Risk
901,55,1551.990007,28.21800013,Mastercard,YES,2,332603,850,36671,Low Risk
905,88,4879.779972,55.45204514,Mastercard,YES,3,2807262,701,96901,Low Risk
906,84,4204.390024,50.05226219,Visa,YES,4,584936,705,21154,Low Risk
908,87,4084.319988,46.94620675,Visa,YES,3,1014454,650,46256,Low Risk
909,427,7402.330001,17.33566745,Visa,YES,4,6262949,583,49023,High Risk
912,100,3525.969994,35.25969994,Mastercard,YES,2,2502678,755,47395,Low Risk
913,25,674.3199989,26.97279996,Mastercard,YES,1,205750,693,28476,Low Risk
914,155,3199.689978,20.64316115,Mastercard,YES,3,2648677,763,46160,Low Risk
917,50,2761.859989,55.23719978,Visa,YES,2,961510,678,40900,Low Risk
918,92,3268.030015,35.52206538,Mastercard,YES,1,997556,703,29194,Low Risk
920,57,1445.720007,25.3635089,Mastercard,YES,1,461700,700,28704,Low Risk
921,136,8411.710051,61.8508092,Visa,YES,4,4038332,779,54013,Low Risk
924,91,3339.919973,36.70241729,Visa,YES,1,527800,645,40392,High Risk
928,57,2404.699981,42.18771896,Visa,YES,2,811260,784,32347,Low Risk
931,54,2952.21001,54.67055574,Visa,YES,1,1169208,540,69270,High Risk
932,122,5209.499994,42.70081962,Visa,YES,5,758344,811,34172,Low Risk
933,69,3090.819987,44.79449256,Visa,YES,2,461653,690,43290,Low Risk
938,89,3708.749985,41.67134815,Mastercard,YES,1,1112500,720,50934,Low Risk
939,37,2570.460023,69.47189252,Visa,YES,2,187000,696,34819,Low Risk
940,126,3678.759987,29.19650783,Visa,YES,5,1102652,699,41800,Low Risk
942,94,4689.119989,49.8842552,Visa,YES,1,3707454,742,59139,Low Risk
944,87,8344.690033,95.91597739,Visa,YES,2,7503557,789,119308,Low Risk
946,97,1953.080006,20.13484542,Mastercard,YES,2,1183975,781,39733,Low Risk
947,124,6110.29999,49.27661282,Visa,YES,3,986637,710,34637,Low Risk
948,67,2634.460008,39.32029862,Discover,YES,1,529300,718,37119,Low Risk
951,86,1559.340001,18.13186047,Visa,YES,3,421876,709,26664,Low Risk
954,192,7979.609981,41.56046865,Visa,YES,2,4298244,772,37963,Low Risk
957,80,2642.269997,33.02837497,Visa,YES,3,1543807,605,37789,High Risk
961,160,7518.829992,46.99268745,Visa,YES,3,3804063,721,26660,Low Risk
962,16,241.2099991,15.07562494,Mastercard,YES,1,146256,846,34262,Low Risk
964,66,1969.310001,29.83803032,Visa,YES,2,518189,689,45422,Low Risk
970,125,3777.759995,30.22207996,Mastercard,YES,1,1337500,770,44681,Low Risk
972,138,3494.079998,25.31942028,Visa,NO,1,346104,681,50177,Low Risk
973,157,3217.64999,20.49458592,Amex,YES,1,1303100,734,25051,Low Risk
976,135,6209.930006,45.99948152,Visa,YES,3,1981008,760,62669,Low Risk
977,89,1674.589991,18.81561788,Visa,YES,4,1027726,710,22873,Low Risk
979,56,2390.960011,42.69571448,Visa,YES,2,589222,693,32678,Low Risk
980,54,1719.019991,31.83370354,Visa,YES,3,809980,733,24055,Low Risk
983,52,3117.730061,59.95634732,Mastercard,YES,1,1217008,827,47993,Low Risk
984,110,6670.740008,60.64309098,Visa,YES,5,1093994,850,32928,Low Risk
985,110,9112.999984,82.8454544,Visa,YES,1,1452000,600,51654,High Risk
986,101,1843.370002,18.25118814,Visa,YES,3,2024033,703,48010,Low Risk
987,139,6176.880041,44.43798591,Visa,YES,2,2895853,683,61532,Low Risk
989,110,11346.74999,103.1522727,Visa,YES,4,2088921,727,113514,Low Risk
990,50,1812.639996,36.25279992,Visa,YES,1,3750,737,27150,Low Risk
992,61,3088.219995,50.62655729,Mastercard,YES,3,898300,700,54881,Low Risk
994,81,1585.849997,19.57839503,Visa,YES,5,693552,771,9795,Low Risk
996,163,6462.239981,39.64564406,Mastercard,YES,4,2362527,738,40194,Low Risk
997,200,6819.870014,34.09935007,Discover,YES,2,1657000,675,54963,Low Risk
1002,36,764.3799887,21.23277746,Mastercard,YES,1,574632,716,38788,Low Risk
1006,89,2986.900013,33.56067431,Mastercard,YES,2,1455030,761,44550,Low Risk
1008,134,2032.800002,15.17014927,Visa,YES,2,2001015,657,45462,Low Risk
1009,57,1349.490004,23.67526322,Mastercard,YES,2,953048,702,28733,Low Risk
1016,20,406.6499963,20.33249981,Mastercard,YES,2,6388,719,553,Low Risk
1018,155,6130.979991,39.55470962,Visa,YES,2,2303392,755,31805,Low Risk
1019,98,4600.140008,46.94020417,Visa,YES,3,649654,713,29928,Low Risk
1020,18,1092.650002,60.70277787,Mastercard,YES,1,472986,796,54122,Low Risk
1022,88,5089.399997,57.83409087,Mastercard,YES,2,1181204,635,35876,High Risk
1024,152,3672.089993,24.1584868,Visa,YES,2,2869683,739,65573,Low Risk
1026,125,3877.949991,31.02359993,Visa,YES,4,206351,714,17016,Low Risk
1027,62,4209.169986,67.88983848,Visa,YES,2,1272200,693,61646,Low Risk
1028,111,7645.199966,68.87567537,Visa,YES,3,3211651,682,81122,Low Risk
1029,31,1504.850008,48.54354865,Mastercard,YES,1,395560,676,36589,Low Risk
1030,103,2573.639988,24.986796,Visa,YES,2,756285,705,44963,Low Risk
1031,75,4459.170009,59.45560012,Mastercard,YES,6,1992628,689,53762,Low Risk
1034,118,7177.609998,60.82720337,Visa,YES,3,706258,698,55569,Low Risk
1039,151,5283.509994,34.99013241,Visa,YES,3,1443663,536,11566,High Risk
1041,93,5951.500007,63.99462374,Visa,YES,1,518847,639,32522,High Risk
1046,150,3719.519981,24.79679987,Visa,YES,2,1650896,547,36715,High Risk
1048,79,4265.269996,53.99075944,Visa,YES,3,1396553,779,53878,Low Risk
1052,96,8698.160022,90.60583356,Mastercard,YES,2,2096890,655,28210,Low Risk
1053,121,7899.659967,65.28644601,Mastercard,YES,2,720223,636,55571,High Risk
1054,69,2152.030003,31.18884062,Mastercard,YES,2,478832,639,46077,High Risk
1058,102,4353.350007,42.67990203,Visa,YES,3,1276202,684,35196,Low Risk
1060,48,1756.959992,36.60333317,Visa,YES,3,263742,785,21547,Low Risk
1063,159,6021.540013,37.87132084,Visa,YES,1,2427135,716,37898,Low Risk
1066,158,12109.37997,76.64164541,Visa,YES,1,2734822,727,54124,Low Risk
1067,160,5166.930014,32.29331259,Visa,YES,3,2074752,719,41790,Low Risk
1069,72,2075.539998,28.82694442,Visa,YES,1,165024,615,45852,High Risk
1070,71,2316.46001,32.62619732,Mastercard,YES,5,1027230,745,51528,Low Risk
1072,126,4341.959982,34.45999986,Mastercard,NO,1,797076,648,40017,High Risk
1073,97,3616.939984,37.28804107,Visa,YES,1,2519769,770,35264,Low Risk
1074,20,637.5700024,31.87850012,Visa,YES,5,210368,826,32819,Low Risk
1075,108,4260.469996,39.44879626,Mastercard,YES,1,3236112,672,51500,Low Risk
1076,65,2671.129983,41.09430743,Visa,YES,3,792986,779,37342,Low Risk
1077,148,4853.699996,32.79527024,Visa,YES,3,2347210,576,12044,High Risk
1078,88,4979.180019,56.58159113,Mastercard,YES,2,1793024,589,57576,High Risk
1079,125,6047.02999,48.37623992,Mastercard,YES,3,2278687,831,103294,Low Risk
1080,126,3799.390009,30.15388896,Visa,YES,2,354480,703,29413,Low Risk
1081,168,7621.539984,45.36630943,Mastercard,YES,2,3393969,617,50666,High Risk
1082,50,2684.620008,53.69240016,Visa,YES,1,530000,622,33934,High Risk
1083,179,8159.600022,45.58435766,Visa,YES,4,1988664,756,38568,Low Risk
1084,121,5358.069952,44.28156985,Visa,YES,3,3506312,775,64262,Low Risk
1086,44,5309.939931,120.680453,Visa,YES,1,753148,698,76274,Low Risk
1087,65,1382.020013,21.26184636,Mastercard,YES,2,566386,722,30997,Low Risk
1088,77,2241.389993,29.10896094,Amex,YES,1,562100,765,34982,Low Risk
1091,57,4493.90005,78.84035176,Visa,YES,2,1164472,656,53890,Low Risk
1094,48,2223.509996,46.32312492,Visa,YES,2,586771,712,41442,Low Risk
1095,49,1827.920001,37.30448981,Visa,YES,3,843359,750,22918,Low Risk
1096,157,7057.169985,44.95012729,Mastercard,YES,1,863500,681,41379,Low Risk
1097,79,3432.150016,43.44493691,Visa,YES,1,1368201,732,32343,Low Risk
1098,453,13142.72999,29.01264898,Visa,YES,2,5229600,752,34456,Low Risk
1100,93,7702.270006,82.82010759,Mastercard,YES,2,2158100,573,59815,High Risk
1102,157,9042.600012,57.59617842,Mastercard,YES,3,4363970,707,94733,Low Risk
1103,125,4812.409998,38.49927999,Mastercard,YES,3,1376464,746,25723,Low Risk
1104,130,6938.040008,53.36953853,Visa,YES,1,2155140,850,40141,Low Risk
1105,129,6792.259993,52.65317824,Visa,YES,3,1160703,670,22104,Low Risk
1106,82,2098.120013,25.58682942,Mastercard,YES,1,857884,699,20783,Low Risk
1107,100,3559.400011,35.59400011,Visa,YES,3,731676,698,40516,Low Risk
1114,79,1878.539993,23.77898725,Visa,YES,2,563860,685,37115,Low Risk
1115,130,7053.329995,54.25638457,Visa,YES,2,1314372,693,30198,Low Risk
1116,93,7372.059991,79.26946227,Visa,YES,2,2071830,755,42509,Low Risk
1117,130,9529.35998,73.30276908,Visa,YES,1,1277510,687,27691,Low Risk
1121,90,3250.400002,36.11555558,Visa,YES,3,663050,796,84365,Low Risk
1123,51,825.7600052,16.19137265,Mastercard,YES,2,182573,710,27896,Low Risk
1127,67,3114.669989,46.48761177,Visa,YES,3,1214327,720,35590,Low Risk
1128,60,1791.779998,29.86299996,Visa,YES,2,795930,680,34606,Low Risk
1129,152,6997.230004,46.03440792,Mastercard,YES,2,2504543,686,34449,Low Risk
1130,124,7386.720045,59.57032294,Mastercard,YES,2,1838290,680,44355,Low Risk
1133,79,4151.829977,52.55480984,Visa,YES,2,1138220,684,46599,Low Risk
1135,99,5047.520035,50.98505086,Visa,YES,1,2217600,704,68010,Low Risk
1137,71,2711.25999,38.18676042,Visa,YES,2,807098,669,33465,Low Risk
1138,87,951.2100044,10.93344833,Mastercard,YES,1,4437,768,41886,Low Risk
1140,110,4039.970008,36.72700007,Visa,YES,4,1712843,703,55351,Low Risk
1141,110,2185.689995,19.86990905,Mastercard,YES,3,388766,777,27266,Low Risk
1142,78,4012.630001,51.44397437,Mastercard,YES,2,2926192,716,79272,Low Risk
1144,184,5624.600002,30.56847827,Visa,YES,4,2395106,773,30495,Low Risk
1145,51,772.1799996,15.14078431,Visa,YES,1,1683,747,75080,Low Risk
1147,223,9268.540022,41.56295974,Mastercard,NO,1,4025150,704,104692,Low Risk
1148,68,3128.540012,46.00794135,Amex,NO,1,632400,687,36711,Low Risk
1150,152,6839.720012,44.99815797,Visa,YES,3,3572142,791,63030,Low Risk
1151,53,353.2099963,6.664339554,Visa,YES,2,19915,788,920,Low Risk
1153,51,819.3900036,16.06647066,Mastercard,YES,1,3264,774,58006,Low Risk
1155,128,6783.029984,52.99242175,Visa,YES,2,1298098,689,29494,Low Risk
1156,51,4633.010027,90.84333386,Visa,YES,3,3934033,752,280199,Low Risk
1163,36,1555.55,43.20972222,Mastercard,YES,2,646152,489,67170,High Risk
1164,92,9493.429976,103.1894563,Mastercard,YES,1,3210800,675,109687,Low Risk
1166,150,3228.789977,21.52526651,Visa,YES,2,3483454,682,39898,Low Risk
1168,243,11383.89005,46.84728416,Mastercard,YES,1,6177546,505,109673,High Risk
1169,123,5253.05,42.70772357,Visa,YES,5,2652888,726,61901,Low Risk
1170,80,3358.809991,41.98512489,Visa,YES,1,632000,694,40867,Low Risk
1171,52,4169.390003,80.18057698,Visa,YES,4,374375,781,39214,Low Risk
1173,83,4354.320018,52.46168697,Visa,YES,4,1076670,722,51703,Low Risk
1176,104,4946.369995,47.56124995,Mastercard,YES,1,4974632,527,57348,High Risk
1177,91,3996.909963,43.9220875,Visa,YES,2,1925400,695,64672,Low Risk
1179,49,2281.860008,46.56857159,Mastercard,YES,3,954078,752,49570,Low Risk
1181,75,3865.020001,51.53360001,Visa,YES,4,1278649,810,51581,Low Risk
1183,71,2882.799993,40.6028168,Visa,YES,4,782760,740,32820,Low Risk
1184,60,2522.650002,42.04416671,Mastercard,YES,2,1862828,798,68765,Low Risk
1187,28,1657.140006,59.18357163,Amex,YES,1,338800,701,47334,Low Risk
1189,66,2492.379998,37.76333331,Mastercard,YES,2,282387,693,31582,Low Risk
1190,100,3660.509996,36.60509996,Visa,YES,4,1118848,707,44383,Low Risk
1192,7,162.3500013,23.19285733,Mastercard,YES,1,14007,768,40026,Low Risk
1193,114,3536.420004,31.02122811,Mastercard,YES,3,2500772,717,51717,Low Risk
1194,43,2577.880038,59.95069855,Visa,YES,1,606300,782,38041,Low Risk
1195,119,4523.360017,38.01142871,Visa,YES,5,1485748,801,40696,Low Risk
1196,72,3975.559985,55.2161109,Visa,YES,1,799200,820,34895,Low Risk
1198,59,1613.999997,27.35593215,Visa,YES,1,753076,820,10869,Low Risk
1201,61,7586.799995,124.3737704,Visa,YES,1,3397273,715,115465,Low Risk
1202,88,1080.569994,12.27920447,Mastercard,YES,1,0,691,4,Low Risk
1203,56,1583.090003,28.26946434,Mastercard,YES,1,3920,582,41537,High Risk
1204,41,2630.230008,64.15195142,Visa,YES,2,1328851,743,69440,Low Risk
1207,84,5089.330006,60.58726198,Discover,YES,1,1915200,664,56368,Low Risk
1208,111,2737.779995,24.66468464,Visa,YES,3,920219,526,33387,High Risk
1209,160,7746.340004,48.41462502,Visa,YES,5,3385559,699,63815,Low Risk
1210,91,3289.429995,36.14758236,Visa,YES,2,1635712,703,34531,Low Risk
1211,69,2919.439955,42.31072398,Visa,YES,3,1148690,746,38249,Low Risk
1213,59,2348.549999,39.80593218,Discover,YES,1,725700,795,43579,Low Risk
1214,89,2549.850004,28.65000005,Visa,YES,1,1875497,711,72470,Low Risk
1217,51,3449.250008,67.6323531,Visa,YES,3,460527,785,44992,Low Risk
1221,88,2747.060025,31.21659119,Visa,YES,2,693000,850,30747,Low Risk
1222,120,3983.37,33.19475,Visa,YES,1,172320,600,28738,High Risk
1223,52,8569.119977,164.7907688,Visa,YES,1,4832828,717,189490,Low Risk
1224,169,8515.549994,50.38786979,Visa,YES,3,3321596,751,53464,Low Risk
1225,80,3106.070022,38.82587528,Visa,YES,2,1351346,850,62837,Low Risk
1226,79,4319.310004,54.67481017,Visa,YES,2,773600,714,36860,Low Risk
1227,70,3611.160043,51.58800061,Amex,NO,1,1022000,804,67344,Low Risk
1228,94,2578.670011,27.4326597,Visa,YES,2,1174014,726,47482,Low Risk
1229,87,4068.089975,46.75965489,Visa,YES,3,1938280,713,49350,Low Risk
1234,82,1341.300006,16.35731715,Visa,NO,1,5330,749,62185,Low Risk
1236,110,2177.510005,19.7955455,Visa,YES,4,393645,730,25243,Low Risk
1237,170,4063.000015,23.90000009,Visa,YES,4,690941,717,32150,Low Risk
1238,94,11992.06992,127.575212,Visa,YES,1,2115000,721,96661,Low Risk
1239,104,3638.849999,34.9889423,Visa,YES,3,1348510,811,38081,Low Risk
1240,78,3060.340026,39.23512853,Visa,YES,1,1807182,693,31814,Low Risk
1241,139,10672.01001,76.7770504,Visa,YES,1,1956981,814,49396,Low Risk
1242,74,2802.520006,37.87189197,Visa,YES,2,505600,641,30509,High Risk
1243,83,5923.829963,71.37144534,Mastercard,YES,2,1335243,705,34884,Low Risk
1245,101,2446.749978,24.2252473,Visa,YES,3,1351284,802,42900,Low Risk
1246,67,2753.829995,41.10194023,Mastercard,YES,2,839567,713,31008,Low Risk
1247,98,4005.209999,40.86948979,Visa,YES,4,1319514,700,44152,Low Risk
1248,83,2845.930001,34.28831327,Amex,YES,1,796800,698,43386,Low Risk
1250,113,2877.629999,25.4657522,Visa,YES,4,1450370,746,38499,Low Risk
1251,67,2012.720009,30.04059714,Mastercard,YES,1,4958,750,42150,Low Risk
1253,185,10601.44002,57.30508117,Mastercard,YES,2,5137496,768,58749,Low Risk
1254,67,2060.660006,30.75611949,Mastercard,YES,2,285358,747,34619,Low Risk
1256,89,3750.949988,42.14550548,Mastercard,YES,2,460040,728,56248,Low Risk
1257,53,2418.640023,45.63471741,Mastercard,YES,3,384226,721,48259,Low Risk
1258,113,4008.909989,35.47707955,Visa,YES,4,1266018,789,15470,Low Risk
1259,95,7480.750032,78.74473718,Visa,YES,6,7034391,700,192269,Low Risk
1261,78,3440.039992,44.10307682,Visa,YES,1,2113098,527,68787,High Risk
1262,120,1271.619997,10.59683331,Mastercard,YES,3,972333,717,27981,Low Risk
1263,45,2737.510016,60.83355591,Visa,YES,2,565029,600,36652,High Risk
1266,25,672.4600005,26.89840002,Mastercard,YES,1,377975,618,46063,High Risk
1267,49,3972.139988,81.06408139,Visa,YES,3,878786,630,31912,High Risk
1268,41,1277.669996,31.16268284,Mastercard,YES,2,518797,513,29597,High Risk
1269,114,4093.67999,35.9094736,Mastercard,YES,2,1759800,676,36335,Low Risk
1274,166,9919.450026,59.75572305,Visa,YES,3,2117131,705,49464,Low Risk
1276,66,6331.220011,95.92757592,Mastercard,YES,4,1356675,730,41793,Low Risk
1279,137,4028.649997,29.40620436,Visa,YES,4,2552443,509,62103,High Risk
1281,26,816.3500017,31.39807699,Visa,YES,2,294568,689,26546,Low Risk
1283,78,5520.910039,70.78089794,Amex,YES,1,1521000,591,63673,High Risk
1284,64,4356.469994,68.06984365,Mastercard,YES,1,626496,765,39947,Low Risk
1285,88,4613.950034,52.43125038,Visa,YES,2,1188490,524,65298,High Risk
1286,123,5270.489981,42.84951204,Visa,YES,2,3207405,602,61578,High Risk
1288,101,3459.669979,34.25415821,Mastercard,YES,2,1002911,634,38059,High Risk
1291,69,3887.58001,56.34173928,Visa,YES,2,520515,699,34869,Low Risk
1294,110,6231.040006,56.64581823,Visa,YES,2,1853170,730,59114,Low Risk
1295,200,7081.000024,35.40500012,Visa,YES,3,2094234,788,27772,Low Risk
1296,121,3770.860024,31.16413243,Visa,YES,4,1735739,788,46683,Low Risk
1298,5,27.69000089,5.538000178,Mastercard,NO,1,50200,729,25603,Low Risk
1299,51,2206.649978,43.26764663,Visa,YES,2,288486,723,37299,Low Risk
1300,122,2075.609996,17.01319669,Mastercard,YES,3,766068,752,23092,Low Risk
1302,103,4660.860014,45.25106809,Mastercard,YES,1,1017949,694,28988,Low Risk
1303,44,3676.690045,83.56113739,Visa,YES,2,1034560,684,61937,Low Risk
1305,100,3519.669988,35.19669988,Visa,YES,3,1513297,784,38971,Low Risk
1307,49,4793.950037,97.83571505,Visa,YES,4,1018300,646,87030,High Risk
1313,138,5061.529992,36.67775356,Mastercard,YES,1,12006,653,30172,Low Risk
1314,174,6638.480007,38.15218395,Visa,YES,3,2346674,723,39404,Low Risk
1315,136,2101.220003,15.45014708,Visa,YES,3,1596088,753,32576,Low Risk
1317,64,1324.969992,20.70265613,Mastercard,YES,1,579776,749,30910,Low Risk
1323,96,4260.949988,44.38489571,Visa,YES,1,1351104,719,31414,Low Risk
1324,80,4924.800006,61.56000007,Visa,YES,3,832460,663,38872,Low Risk
1326,83,4374.76999,52.70807217,Mastercard,YES,2,1316576,731,66489,Low Risk
1330,81,4681.650004,57.7981482,Mastercard,YES,2,2039520,575,35404,High Risk
1331,74,381.4699983,5.154999977,Mastercard,YES,1,1924,718,49026,Low Risk
1332,51,1891.579994,37.0898038,Visa,YES,1,1109199,712,71909,Low Risk
1334,94,3086.849992,32.8388297,Visa,YES,4,1259707,718,39627,Low Risk
1340,224,18196.58001,81.23473219,Mastercard,YES,3,3030374,691,53872,Low Risk
1341,92,4284.540014,46.5710871,Visa,YES,2,1694374,686,30349,Low Risk
1344,129,3761.190002,29.15651164,Visa,YES,2,2379198,736,46843,Low Risk
1345,107,4316.440049,40.3405612,Visa,YES,6,1257656,804,16620,Low Risk
1348,105,715.0799993,6.810285708,Discover,YES,1,0,667,2,Low Risk
1352,83,2809.030016,33.84373513,Visa,YES,2,1321716,672,42102,Low Risk
1353,55,2233.779986,40.61418157,Mastercard,YES,2,677936,816,43294,Low Risk
1356,88,3135.720004,35.63318187,Visa,YES,2,816300,733,26676,Low Risk
1357,107,1921.21001,17.95523374,Visa,YES,6,869421,812,11410,Low Risk
1358,47,879.2599965,18.7076595,Visa,YES,2,3847,768,68930,Low Risk
1360,37,1004.590001,27.1510811,Visa,YES,2,403707,672,38874,Low Risk
1361,102,3915.179973,38.38411738,Mastercard,YES,2,896550,638,28714,High Risk
1362,69,2571.959995,37.27478254,Mastercard,YES,2,2179804,727,72510,Low Risk
1364,38,491.3899993,12.93131577,Visa,YES,1,0,750,3,Low Risk
1367,85,2431.440025,28.60517676,Visa,YES,3,741695,708,34255,Low Risk
1369,159,3965.019995,24.93723267,Visa,YES,2,2059760,850,35854,Low Risk
1370,96,4319.660021,44.99645855,Mastercard,YES,2,1082220,709,52908,Low Risk
1371,66,2654.36001,40.2175759,Visa,YES,1,1141800,689,49529,Low Risk
1376,100,4071.010005,40.71010005,Mastercard,YES,1,1310000,543,62019,High Risk
1378,131,4566.360007,34.85770998,Visa,YES,2,1800750,614,40810,High Risk
1379,147,5530.780015,37.62435384,Mastercard,YES,1,2450196,701,34408,Low Risk
1381,114,4556.110032,39.96587748,Mastercard,YES,1,2617896,690,29517,Low Risk
1382,207,5108.860012,24.68048315,Mastercard,YES,2,1329054,706,25883,Low Risk
1383,72,4126.860012,57.31750016,Mastercard,YES,1,1255104,670,59938,Low Risk
1384,92,3993.790013,43.41076101,Visa,YES,2,1972570,721,23011,Low Risk
1385,120,9536.759996,79.47299997,Visa,YES,4,2832652,789,82298,Low Risk
1391,126,6143.84,48.76063492,Visa,YES,3,1616742,631,51196,High Risk
1393,121,3847.320009,31.79603314,Visa,YES,1,1070245,692,34460,Low Risk
1397,95,3114.110022,32.78010549,Mastercard,YES,1,2787300,710,36388,Low Risk
1398,125,6656.589929,53.25271943,Visa,YES,3,2873658,745,70862,Low Risk
1403,185,11691.85,63.19918921,Mastercard,YES,2,3100575,753,24545,Low Risk
1404,51,1850.949993,36.29313712,Visa,YES,2,159903,526,36472,High Risk
1405,85,3950.639974,46.47811734,Visa,YES,6,1469534,777,48755,Low Risk
1406,61,1072.589993,17.5834425,Mastercard,YES,1,372100,712,23718,Low Risk
1407,167,6204.39999,37.15209575,Visa,YES,3,2065432,689,40473,Low Risk
1411,121,6731.170029,55.62950437,Visa,YES,4,2074854,720,69007,Low Risk
1412,101,6195.689983,61.34346518,Mastercard,NO,1,1050804,707,54166,Low Risk
1413,81,1573.739989,19.42888876,Mastercard,YES,2,1061158,685,31170,Low Risk
1416,94,4687.180009,49.86361712,Visa,YES,5,1559398,709,48750,Low Risk
1417,68,4237.710022,62.31926503,Visa,YES,3,1248200,835,52680,Low Risk
1422,82,3259.960006,39.75560982,Visa,YES,3,581794,767,36052,Low Risk
1424,136,2779.07001,20.43433831,Mastercard,YES,1,1088000,761,15348,Low Risk
1425,50,3188.950011,63.77900021,Mastercard,YES,7,390062,809,19225,Low Risk
1428,120,808.8500006,6.740416672,Mastercard,YES,1,5640,508,28472,High Risk
1430,71,4666.180079,65.72084618,Visa,YES,3,370220,593,33642,High Risk
1432,102,4340.25999,42.55156852,Visa,YES,3,2734095,741,69747,Low Risk
1433,136,5728.969993,42.12477936,Mastercard,YES,2,2310349,581,48060,High Risk
1434,33,1294.909988,39.23969661,Visa,YES,3,732372,717,40891,Low Risk
1435,106,5793.899961,54.65943359,Mastercard,YES,1,2491000,703,92017,Low Risk
1437,93,2764.550011,29.7263442,Mastercard,YES,1,1577187,751,44807,Low Risk
1439,85,1909.939981,22.46988213,Mastercard,YES,1,910095,715,29371,Low Risk
1443,115,4785.489999,41.61295652,Visa,YES,3,1056977,732,35016,Low Risk
1444,90,8311.469999,92.34966666,Mastercard,YES,3,2885771,698,66885,Low Risk
1445,100,1590.169995,15.90169995,Visa,YES,5,1241368,841,27939,Low Risk
1448,71,2683.489994,37.79563372,Visa,YES,3,1646150,850,38539,Low Risk
1449,84,2275.719999,27.09190475,Mastercard,YES,3,353070,751,28104,Low Risk
1451,210,9831.539984,46.81685706,Visa,YES,4,3536672,719,17078,Low Risk
1452,270,5584.000011,20.68148152,Mastercard,YES,1,14435820,660,193773,Low Risk
1453,215,4020.069991,18.69799996,Mastercard,YES,2,1952590,641,36122,High Risk
1455,78,1337.390006,17.14602572,Visa,YES,2,275642,713,34330,Low Risk
1456,116,7192.559988,62.00482748,Mastercard,YES,2,1096910,681,31231,Low Risk
1458,59,3403.130005,57.68016957,Visa,YES,1,647938,708,35755,Low Risk
1459,223,3962.61,17.76955157,Visa,NO,2,2435716,707,31369,Low Risk
1461,122,2029.789995,16.63762291,Mastercard,YES,4,1928186,704,48038,Low Risk
1463,162,6034.100011,37.24753093,Mastercard,YES,1,2256660,732,9766,Low Risk
1464,90,5840.830016,64.89811129,Mastercard,YES,2,1617839,682,49569,Low Risk
1466,146,4213.739992,28.86123282,Mastercard,YES,2,692938,812,35933,Low Risk
1470,64,1916.580004,29.94656257,Visa,YES,3,300614,700,22371,Low Risk
1473,44,1433.390009,32.57704567,Mastercard,YES,1,699996,850,41427,Low Risk
1475,178,4585.290001,25.76005618,Visa,YES,4,2001006,725,42306,Low Risk
1477,79,4713.409999,59.66341771,Visa,YES,2,2331088,696,46763,Low Risk
1478,6,1605.589999,267.5983331,Mastercard,YES,1,40392,849,44506,Low Risk
1479,53,1715.51999,32.3683017,Mastercard,YES,1,148400,805,26631,Low Risk
1482,19,603.8100016,31.77947377,Visa,YES,1,662663,675,89152,Low Risk
1484,162,5794.270021,35.76709889,Visa,YES,4,2940303,726,57732,Low Risk
1485,99,3341.049979,33.74797959,Visa,YES,4,1110162,618,49756,High Risk
1487,129,12802.44004,99.24372122,Visa,YES,3,3470227,727,80464,Low Risk
1488,79,2419.599994,30.62784803,Visa,YES,2,1451300,695,41091,Low Risk
1490,79,3110.219985,39.36987323,Visa,NO,1,900600,761,41839,Low Risk
1492,84,4143.689995,49.3296428,Visa,YES,3,1484460,786,56635,Low Risk
1495,121,6878.45,56.84669422,Visa,YES,4,2298821,770,63433,Low Risk
1497,89,2858.540031,32.11842731,Visa,NO,1,1312839,623,35553,High Risk
1498,82,4851.300017,59.16219533,Visa,YES,3,1047109,726,50790,Low Risk
1500,112,4067.620008,36.31803579,Visa,YES,3,1927744,680,52904,Low Risk
1503,60,1434.260004,23.90433339,Visa,YES,3,766946,725,43021,Low Risk
1504,78,2554.900002,32.75512824,Visa,YES,3,712748,734,12826,Low Risk
1507,63,2267.189998,35.98714283,Visa,YES,3,1462731,744,44344,Low Risk
1508,59,1335.229992,22.63101681,Visa,YES,2,690750,747,38999,Low Risk
1509,94,2196.749982,23.36968066,Visa,YES,1,1137400,820,47087,Low Risk
1510,6,1427.849998,237.9749997,Visa,YES,1,68400,764,50658,Low Risk
1511,103,3747.340016,36.3819419,Visa,YES,2,2262968,719,48279,Low Risk
1512,120,4148.039988,34.5669999,Visa,YES,6,2725291,778,67008,Low Risk
1513,94,5675.359995,60.37617016,Mastercard,YES,1,2556800,733,65736,Low Risk
1514,51,2433.369971,47.71313668,Visa,YES,4,219682,721,36925,Low Risk
1515,77,3882.210023,50.41831199,Mastercard,YES,3,799680,520,30457,High Risk
1516,121,4122.190016,34.06768608,Mastercard,YES,1,5705513,755,68827,Low Risk
1517,84,3968.520006,47.24428578,Visa,YES,3,1676846,764,123540,Low Risk
1518,55,2806.599992,51.02909076,Visa,YES,2,542400,745,37785,Low Risk
1519,127,3124.119996,24.59937005,Visa,YES,4,2015979,849,40012,Low Risk
1520,127,6743.569996,53.09897635,Visa,YES,3,2462558,789,47213,Low Risk
1521,42,2063.090026,49.12119109,Visa,YES,3,283299,706,19581,Low Risk
1523,68,1843.800007,27.11470598,Visa,YES,2,742896,850,39661,Low Risk
1525,109,4577.119982,41.99192644,Mastercard,YES,4,378421,728,38994,Low Risk
1526,69,4094.420019,59.33942057,Visa,YES,3,506211,671,34137,Low Risk
1528,245,12787.74998,52.19489789,Visa,YES,4,2202873,695,27992,Low Risk
1529,159,5138.870012,32.31993718,Visa,YES,2,5476806,692,76305,Low Risk
1530,35,715.1399974,20.43257135,Mastercard,YES,3,17800,732,1785,Low Risk
1531,84,2289.789993,27.25940468,Mastercard,YES,1,630000,792,29594,Low Risk
1533,46,3076.709996,66.88499992,Visa,YES,1,703800,830,49412,Low Risk
1534,102,5344.570025,52.39774534,Mastercard,YES,1,2665872,803,80794,Low Risk
1535,86,3966.220029,46.11883755,Visa,YES,2,1265029,590,33311,High Risk
1538,117,3353.009999,28.65820512,Mastercard,YES,2,2192182,590,23572,High Risk
1540,110,2918.289997,26.52990906,Mastercard,YES,2,263200,625,44839,High Risk
1541,137,3818.91,27.87525547,Mastercard,YES,2,1587659,681,37422,Low Risk
1542,65,2000.249998,30.77307689,Mastercard,YES,1,4225,731,55565,Low Risk
1543,112,7121.810001,63.58758929,Visa,YES,2,4845936,684,105963,Low Risk
1546,61,1667.900003,27.342623,Visa,YES,2,217421,668,40336,Low Risk
1549,55,4079.409978,74.17109052,Visa,YES,3,1133415,747,63355,Low Risk
1551,102,7291.249997,71.48284311,Visa,YES,4,934333,687,35699,Low Risk
1552,5,561.6000023,112.3200005,Mastercard,YES,1,74565,686,45450,Low Risk
1556,28,442.5900009,15.80678575,Mastercard,YES,1,1540,740,48277,Low Risk
1557,38,1433.210003,37.71605272,Visa,YES,2,576140,707,48295,Low Risk
1558,29,1769.019988,61.00068924,Visa,YES,2,219118,597,51330,High Risk
1559,302,8512.500028,28.18708619,Visa,YES,3,4894578,746,58846,Low Risk
1560,62,2786.809991,44.94854824,Mastercard,YES,4,517000,741,18452,Low Risk
1561,87,4297.050018,49.39137952,Visa,YES,4,1859127,759,51014,Low Risk
1562,62,1272.49,20.52403226,Mastercard,YES,2,868230,759,25524,Low Risk
1563,111,3156.529988,28.4372071,Visa,YES,2,623140,683,22583,Low Risk
1564,62,1063.620009,17.15516144,Mastercard,YES,2,449600,683,37947,Low Risk
1567,68,5207.350008,76.57867658,Visa,YES,1,1194012,747,40576,Low Risk
1568,89,4573.540006,51.38808995,Mastercard,YES,2,1034196,748,42976,Low Risk
1569,82,3687.76,44.97268293,Visa,YES,4,629040,722,39082,Low Risk
1571,59,2973.760001,50.40271188,Visa,YES,3,1400483,759,51316,Low Risk
1575,286,13356.27,46.70024475,Visa,YES,3,7193426,724,57646,Low Risk
1576,143,5343.309999,37.36580419,Visa,YES,4,816263,712,36764,Low Risk
1577,42,1943.939989,46.28428545,Mastercard,YES,2,278138,718,40745,Low Risk
1579,79,3064.79,38.79481012,Visa,YES,4,606143,728,28594,Low Risk
1581,191,3215.680003,16.83602096,Visa,YES,5,2621257,684,44334,Low Risk
1583,60,1017.600003,16.96000005,Mastercard,NO,1,3780,826,52844,Low Risk
1586,88,4791.750024,54.45170482,Visa,YES,1,1821600,672,56640,Low Risk
1591,106,4607.729955,43.46915052,Visa,YES,4,765285,698,33717,Low Risk
1594,79,1802.019991,22.81037963,Visa,YES,1,967908,643,35978,High Risk
1595,199,10659.49998,53.56532655,Visa,YES,2,3183670,753,52063,Low Risk
1596,109,5712.730016,52.41036712,Visa,YES,2,719400,734,31772,Low Risk
1598,46,1632.260016,35.4839134,Mastercard,YES,2,408800,697,26126,Low Risk
1600,102,4123.849985,40.42990181,Mastercard,YES,2,3736432,747,101193,Low Risk
1603,90,2504.119993,27.82355548,Visa,YES,2,407466,762,38812,Low Risk
1604,212,3589.870007,16.93334909,Visa,YES,4,2659614,742,31308,Low Risk
1605,98,4948.389996,50.49377547,Visa,YES,2,1432080,690,39336,Low Risk
1606,52,3367.65001,64.76250019,Mastercard,YES,1,407368,806,51755,Low Risk
1609,75,2972.880015,39.6384002,Mastercard,YES,2,2354923,779,87659,Low Risk
1610,110,2519.220017,22.90200016,Mastercard,YES,1,726000,690,27967,Low Risk
1613,97,4752.220015,48.99195891,Visa,YES,3,579729,792,44134,Low Risk
1615,53,3088.710009,58.27754733,Visa,YES,5,627668,701,48690,Low Risk
1616,80,4443.359985,55.54199982,Mastercard,YES,2,1078478,815,94260,Low Risk
1617,63,2448.320006,38.86222232,Mastercard,YES,1,242109,659,76867,Low Risk
1618,83,2429.870004,29.27554221,Visa,YES,2,1307566,682,70634,Low Risk
1619,44,1330.02001,30.22772749,Visa,YES,2,655558,747,32086,Low Risk
1621,98,6212.499998,63.39285712,Visa,YES,1,1666000,744,74059,Low Risk
1622,97,5302.779991,54.66783496,Mastercard,YES,1,3897072,759,79271,Low Risk
1623,71,2150.310009,30.28605647,Amex,YES,1,944300,746,35227,Low Risk
1626,75,5477.189962,73.0291995,Amex,YES,1,540000,531,60292,High Risk
1629,67,2143.580011,31.99373151,Mastercard,YES,1,1257992,598,29422,High Risk
1633,75,2341.84997,31.22466627,Mastercard,YES,1,862125,687,42927,Low Risk
1634,103,1507.349993,14.63446595,Visa,YES,3,788940,825,20577,Low Risk
1635,81,3452.279988,42.6207406,Visa,YES,1,2014956,616,42332,High Risk
1636,88,1137.399996,12.92499995,Mastercard,YES,3,604110,695,24598,Low Risk
1638,146,5160.920005,35.34876716,Mastercard,YES,5,1944440,668,57824,Low Risk
1639,14,2710.059979,193.5757128,Visa,YES,1,441756,676,49595,Low Risk
1640,37,2718.629943,73.47648494,Visa,YES,3,445420,729,34954,Low Risk
1642,77,2928.009999,38.02610388,Visa,YES,1,2058210,731,40470,Low Risk
1644,127,4748.139993,37.38692908,Visa,YES,4,1208576,686,31943,Low Risk
1645,75,2233.910015,29.78546687,Mastercard,NO,2,1241494,716,60541,Low Risk
1646,64,1576.85,24.63828124,Visa,YES,1,576000,714,29898,Low Risk
1648,178,8511.149972,47.81544928,Visa,YES,4,9669494,621,185909,High Risk
1649,12,324.7900012,27.06583343,Mastercard,YES,2,2176,729,399,Low Risk
1651,132,10636.32998,80.57825741,Visa,YES,2,3086751,739,56018,Low Risk
1654,240,9167.150017,38.19645841,Visa,YES,3,3698600,693,49328,Low Risk
1659,176,6037.630002,34.30471592,Visa,YES,5,3659556,782,40787,Low Risk
1660,70,1939.589982,27.70842831,Visa,YES,2,413400,723,23123,Low Risk
1662,113,6743.320004,59.67539826,Visa,YES,1,3166373,712,49967,Low Risk
1664,118,2169.459994,18.38525419,Mastercard,NO,1,4079496,791,69566,Low Risk
1666,110,2865.420016,26.04927287,Visa,YES,2,1387408,578,46954,High Risk
1668,90,5690.350011,63.22611124,Mastercard,YES,3,2496574,751,56099,Low Risk
1669,47,1410.130001,30.00276597,Visa,YES,2,267716,698,51454,Low Risk
1670,80,3520.57001,44.00712512,Visa,YES,2,1188841,732,50184,Low Risk
1671,79,3271.020001,41.40531647,Visa,YES,1,171746,604,42886,High Risk
1674,50,1051.109993,21.02219985,Mastercard,YES,2,835064,712,26858,Low Risk
1675,77,5440.970015,70.66194824,Visa,YES,1,1545698,767,49993,Low Risk
1676,90,3919.460029,43.54955587,Mastercard,YES,3,410754,681,50936,Low Risk
1677,82,4089.419994,49.87097553,Mastercard,YES,1,1099128,671,33178,Low Risk
1678,106,3847.299993,36.29528295,Mastercard,YES,3,2309029,685,58225,Low Risk
1682,65,2843.91002,43.75246185,Visa,YES,4,1298084,716,48750,Low Risk
1684,31,1043.660004,33.66645174,Visa,YES,3,198312,782,27861,Low Risk
1685,11,563.4500188,51.22272898,Mastercard,YES,1,92961,681,74012,Low Risk
1686,175,20563.46,117.5054857,Visa,YES,2,2418000,708,61312,Low Risk
1687,118,5582.459982,47.3089829,Mastercard,YES,1,289100,621,40189,High Risk
1692,180,9987.070019,55.48372233,Mastercard,YES,2,6635265,542,162709,High Risk
1693,80,3507.57998,43.84474975,Mastercard,YES,1,2680480,702,74016,Low Risk
1694,99,7786.619994,78.65272721,Visa,YES,3,1322713,726,74753,Low Risk
1695,38,3517.32002,92.56105315,Visa,YES,2,134567,709,57027,Low Risk
1696,252,10950.09001,43.45273814,Mastercard,YES,1,3035844,606,53702,High Risk
1697,81,2348.600028,28.99506207,Visa,YES,4,937036,685,41002,Low Risk
1699,121,6854.849998,56.65165288,Visa,YES,3,5558138,737,52929,Low Risk
1700,62,1140.680006,18.39806462,Visa,YES,1,285200,822,38666,Low Risk
1702,58,1289.02,22.22448275,Visa,YES,1,5452,691,40470,Low Risk
1703,169,7043.540058,41.67775182,Mastercard,YES,1,1791400,747,49169,Low Risk
1709,45,1552.539999,34.50088886,Mastercard,YES,1,605745,744,35519,Low Risk
1710,55,2481.749982,45.12272694,Mastercard,YES,1,968605,787,40029,Low Risk
1712,135,4639.909997,34.36970368,Mastercard,YES,2,4029139,730,66999,Low Risk
1718,136,2962.180004,21.78073532,Mastercard,YES,3,3305685,698,33483,Low Risk
1719,89,2403.050011,27.00056192,Mastercard,YES,2,1247417,616,23217,High Risk
1720,86,6673.859994,77.60302318,Visa,YES,1,106726,590,24827,High Risk
1723,51,1224.96,24.01882352,Mastercard,YES,1,671568,839,36080,Low Risk
1725,98,4186.510008,42.71948988,Visa,YES,5,1849915,729,42652,Low Risk
1727,256,6145.619987,24.00632807,Visa,YES,2,5711617,771,48762,Low Risk
1728,39,1872.820004,48.02102574,Visa,YES,2,105190,601,38615,High Risk
1731,34,2279.929988,67.05676435,Visa,YES,4,505889,704,47242,Low Risk
1733,86,4664.080005,54.23348843,Mastercard,YES,1,77228,498,26130,High Risk
1735,93,2662.660004,28.63075273,Visa,YES,4,983296,614,36583,High Risk
1736,183,3351.759993,18.31562838,Visa,YES,1,4324473,695,45789,Low Risk
1737,97,2738.810017,28.23515481,Visa,YES,2,1717278,739,37686,Low Risk
1740,104,4463.460002,42.91788463,Mastercard,YES,1,2411656,735,57532,Low Risk
1741,77,4576.699986,59.43766215,Visa,YES,6,824078,707,24960,Low Risk
1742,84,1814.709986,21.60369031,Visa,YES,3,807959,751,50232,Low Risk
1744,38,960.8899961,25.28657884,Mastercard,YES,3,377178,693,29433,Low Risk
1746,45,3910.750006,86.90555569,Mastercard,YES,2,272145,701,77254,Low Risk
1749,22,851.339992,38.69727237,Mastercard,YES,2,17382,614,17657,High Risk
1750,102,6513.349991,63.85637246,Visa,YES,2,3086504,741,70711,Low Risk
1752,175,3378.930007,19.30817147,Mastercard,YES,1,1661800,810,38190,Low Risk
1755,131,2355.00001,17.97709931,Visa,YES,5,775565,734,28269,Low Risk
1756,52,3500.230007,67.31211551,Mastercard,YES,2,790700,691,57969,Low Risk
1757,76,2218.329974,29.18855229,Visa,YES,2,919200,784,42086,Low Risk
1758,147,2689.669993,18.29707478,Visa,YES,3,1796241,645,22556,High Risk
1759,163,4851.470023,29.76361977,Visa,YES,2,2522135,778,33279,Low Risk
1763,83,1988.580007,23.95879526,Visa,YES,2,1747176,717,38039,Low Risk
1764,53,2371.75001,44.75000018,Mastercard,YES,1,471700,710,31550,Low Risk
1765,91,4363.840024,47.95428598,Visa,YES,1,1054508,770,32126,Low Risk
1766,32,1340.860016,41.90187549,Visa,YES,3,168388,789,20377,Low Risk
1769,117,3513.330004,30.02846157,Visa,YES,1,1134900,661,46031,Low Risk
1771,124,2863.409998,23.09201611,Mastercard,YES,2,2125703,794,51943,Low Risk
1772,143,5022.199967,35.12027949,Visa,YES,2,674336,761,50163,Low Risk
1774,103,4006.659996,38.89961161,Visa,YES,4,1054023,758,42129,Low Risk
1776,300,7099.840009,23.66613336,Amex,YES,1,4020000,693,43133,Low Risk
1777,112,4770.629974,42.59491048,Mastercard,YES,3,2319910,741,62432,Low Risk
1779,10,158.7099996,15.87099996,Mastercard,YES,1,76230,733,32125,Low Risk
1781,46,1007.890012,21.91065244,Visa,YES,1,226504,708,36050,Low Risk
1782,88,2912.500009,33.09659101,Mastercard,YES,2,1801280,777,39633,Low Risk
1783,125,1972.84999,15.78279992,Visa,YES,5,1902300,749,37607,Low Risk
1785,51,1955.620014,38.34549047,Mastercard,YES,3,434564,607,25861,High Risk
1786,155,2492.720012,16.08206459,Visa,YES,4,1815742,755,38611,Low Risk
1787,108,6152.640027,56.96888914,Mastercard,YES,2,2435670,689,58278,Low Risk
1788,88,3820.769992,43.41784082,Mastercard,YES,1,484000,673,41845,Low Risk
1789,103,5162.720021,50.12349535,Visa,YES,1,1646043,684,38527,Low Risk
1791,61,2063.160012,33.82229529,Visa,YES,3,943218,593,32716,High Risk
1797,150,8516.560031,56.77706687,Visa,YES,1,3485550,743,30962,Low Risk
1799,112,4770.770006,42.59616077,Visa,YES,2,3743312,646,105515,High Risk
1802,103,9252.609947,89.83116453,Mastercard,YES,1,3802760,802,59313,Low Risk
1805,75,2409.130023,32.12173364,Mastercard,NO,1,285000,718,26613,Low Risk
1807,123,4417.14001,35.9117074,Mastercard,YES,2,627164,828,52065,Low Risk
1808,42,1162.409991,27.67642836,Visa,YES,2,494916,697,35331,Low Risk
1809,135,4880.229995,36.14985181,Visa,YES,3,2113351,664,73208,Low Risk
1810,63,2440.509987,38.73825377,Mastercard,YES,2,559800,711,31175,Low Risk
1811,157,8326.669991,53.0361146,Visa,YES,3,10583382,764,82009,Low Risk
1812,116,8303.21996,71.57948242,Mastercard,NO,1,3892612,574,50978,High Risk
1813,105,6102.789998,58.12180951,Visa,YES,3,908035,808,56350,Low Risk
1815,84,3178.319992,37.83714276,Mastercard,YES,3,734172,758,61991,Low Risk
1816,53,1664.049997,31.39716976,Visa,YES,2,988728,784,34241,Low Risk
1817,140,8250.040006,58.92885719,Mastercard,YES,1,6024620,683,73920,Low Risk
1818,144,6759.029999,46.93770833,Mastercard,YES,2,4389858,500,41843,High Risk
1820,34,2691.99001,79.17617677,Mastercard,YES,1,268600,693,38394,Low Risk
1823,67,4186.460006,62.4844777,Visa,YES,2,1503896,743,65362,Low Risk
1825,129,2940.510005,22.7946512,Visa,YES,2,2396362,718,45754,Low Risk
1826,63,729.0599936,11.57238085,Mastercard,YES,1,3087,654,16628,Low Risk
1827,95,5229.790009,55.05042115,Mastercard,YES,2,1115100,686,46341,Low Risk
1830,92,4422.10002,48.06630457,Mastercard,YES,1,975200,758,32418,Low Risk
1834,51,1810.210003,35.49431378,Mastercard,YES,1,527748,681,35565,Low Risk
1837,62,2377.029994,38.33919346,Visa,YES,1,545600,766,24947,Low Risk
1840,147,3369.380003,22.9209524,Visa,YES,4,2088451,706,44249,Low Risk
1842,142,6152.969993,43.3307746,Visa,YES,2,455409,637,31373,High Risk
1843,191,6536.880006,34.22450265,Visa,YES,6,1773932,760,38761,Low Risk
1844,74,1911.839981,25.83567542,Visa,YES,3,1296812,706,37503,Low Risk
1846,77,1800.890004,23.38818187,Visa,YES,2,786442,566,33356,High Risk
1849,99,3303.630022,33.37000022,Mastercard,YES,2,1296144,721,41483,Low Risk
1851,43,3523.139997,81.93348831,Mastercard,YES,3,1004803,727,75682,Low Risk
1852,156,5855.519977,37.53538447,Visa,YES,2,4485000,685,65357,Low Risk
1853,69,1525.010012,22.10159438,Mastercard,YES,2,673556,771,37165,Low Risk
1855,84,3934.770035,46.84250042,Visa,YES,2,1876136,728,31287,Low Risk
1856,73,3260.940004,44.67041101,Visa,YES,2,212061,784,37467,Low Risk
1857,109,6688.690024,61.36412866,Mastercard,YES,2,5715889,775,97248,Low Risk
1858,65,1324.040005,20.36984624,Mastercard,YES,1,533000,705,26481,Low Risk
1859,72,2595.539983,36.04916643,Visa,YES,4,1130165,836,38689,Low Risk
1861,67,2594.91999,38.7301491,Amex,YES,2,969300,779,66427,Low Risk
1863,72,4496.820008,62.45583344,Mastercard,YES,1,93456,850,44124,Low Risk
1871,52,1760.140018,33.8488465,Mastercard,YES,1,491608,696,16611,Low Risk
1872,120,5506.610046,45.88841705,Visa,YES,4,2140683,804,67470,Low Risk
1873,121,3097.619997,25.60016526,Visa,YES,2,1906718,651,34302,Low Risk
1874,86,2860.530005,33.2619768,Mastercard,YES,4,1415554,783,38390,Low Risk
1875,67,4053.050016,60.49328383,Visa,YES,3,979862,683,45202,Low Risk
1876,34,1905.539989,56.04529379,Mastercard,YES,4,505878,775,44587,Low Risk
1877,138,9896.889998,71.71659419,Visa,YES,4,2225688,714,70673,Low Risk
1879,43,2315.020003,53.8376745,Mastercard,YES,2,199952,609,38179,High Risk
1880,128,5238.23001,40.92367195,Mastercard,YES,2,1708358,771,31579,Low Risk
1881,114,1428.7,12.53245614,Visa,YES,2,2233212,733,56542,Low Risk
1882,49,3376.620013,68.91061252,Visa,YES,2,1079407,694,59322,Low Risk
1885,183,8609.599988,47.04699447,Visa,YES,3,2839541,753,37056,Low Risk
1888,356,12180.00001,34.21348317,Mastercard,YES,3,8120176,748,41513,Low Risk
1891,73,2995.67001,41.03657548,Visa,YES,4,1161519,725,34112,Low Risk
1895,79,3203.090011,40.54544318,Mastercard,YES,2,672158,706,40848,Low Risk
1896,129,3190.030003,24.72891475,Visa,YES,5,1980883,641,40246,High Risk
1897,102,5657.740034,55.46803955,Mastercard,YES,2,3183924,741,104049,Low Risk
1898,81,3341.499994,41.25308635,Visa,YES,5,1361540,675,50993,Low Risk
1899,65,1820.590007,28.00907703,Mastercard,YES,1,4160,737,57166,Low Risk
1901,155,4521.599948,29.17161257,Visa,YES,3,426105,730,33728,Low Risk
1902,93,3993.310003,42.93881724,Amex,YES,1,1134600,769,32522,Low Risk
1903,110,5624.700023,51.13363657,Mastercard,YES,1,1639000,709,71427,Low Risk
1904,195,3564.120009,18.27753851,Visa,YES,4,1313877,757,30983,Low Risk
1905,27,1160.399994,42.97777756,Visa,YES,3,85932,808,28489,Low Risk
1908,113,8485.910004,75.0965487,Visa,YES,3,1804664,733,44469,Low Risk
1909,94,2385.679993,25.37957439,Amex,YES,1,573400,696,26510,Low Risk
1910,75,1752.529997,23.36706662,Visa,YES,4,471774,562,35868,High Risk
1913,88,3980.540014,45.23340925,Mastercard,YES,2,1496000,619,31121,High Risk
1915,121,6838.040045,56.51272764,Visa,YES,3,1259019,775,52062,Low Risk
1916,80,4187.499992,52.3437499,Visa,YES,4,329808,767,10142,Low Risk
1917,112,8065.539975,72.01374977,Visa,YES,4,1473316,680,58503,Low Risk
1918,59,2929.17,49.64694915,Mastercard,YES,1,1098993,550,42379,High Risk
1919,103,3555.419979,34.51864057,Visa,YES,3,3030933,610,80493,High Risk
1920,151,7442.37999,49.2872847,Visa,YES,4,1431372,713,31244,Low Risk
1921,78,2925.910011,37.5116668,Visa,YES,3,172461,709,32064,Low Risk
1923,92,4485.369956,48.75402126,Mastercard,YES,2,1117715,850,35119,Low Risk
1926,67,2280.099998,34.03134325,Visa,YES,2,145120,689,26574,Low Risk
1928,99,4362.54999,44.06616152,Visa,YES,3,1716166,750,55682,Low Risk
1936,77,2857.679987,37.1127271,Visa,YES,3,1987256,714,35685,Low Risk
1937,102,4435.919994,43.4894117,Visa,YES,4,1487780,667,17056,Low Risk
1940,92,1880.00001,20.43478271,Visa,YES,5,565754,826,26865,Low Risk
1941,213,4269.920004,20.04657279,Visa,YES,3,3158070,740,38609,Low Risk
1942,61,500.8799992,8.211147527,Visa,YES,3,3110,673,1,Low Risk
1944,78,3085.569998,39.55858972,Visa,YES,2,416936,740,49378,Low Risk
1945,47,1695.04,36.06468086,Mastercard,YES,1,550464,727,30042,Low Risk
1946,85,2453.239998,28.86164704,Visa,YES,1,381480,698,41109,Low Risk
1955,149,4810.850008,32.28758394,Mastercard,YES,2,622372,674,28134,Low Risk
1956,53,1272.269994,24.00509422,Visa,YES,2,786622,739,37371,Low Risk
1957,82,6719.070009,81.93987816,Mastercard,YES,1,1336600,772,95945,Low Risk
1958,70,1255.620003,17.93742862,Visa,YES,3,661728,680,37346,Low Risk
1959,57,4491.499956,78.79824484,Amex,YES,1,632700,701,52130,Low Risk
1962,130,5275.410022,40.58007709,Visa,YES,4,3508368,712,92375,Low Risk
1963,253,9056.720005,35.79731227,Visa,YES,4,5865992,821,33869,Low Risk
1964,103,4293.699981,41.68640758,Mastercard,YES,2,1478121,643,38637,High Risk
1966,207,4353.059974,21.02927524,Visa,YES,2,3908697,782,31499,Low Risk
1967,119,4139.720019,34.78756318,Visa,YES,3,2020048,767,61793,Low Risk
1969,162,7704.790025,47.56043225,Visa,YES,4,3113572,733,44690,Low Risk
1971,100,2803.199997,28.03199997,Visa,YES,2,1077380,763,41690,Low Risk
1972,89,1385.86001,15.57146078,Mastercard,YES,3,196305,772,13089,Low Risk
1973,37,2109.939988,57.02540508,Mastercard,YES,2,802181,731,32520,Low Risk
1975,27,2136.870013,79.14333382,Mastercard,YES,2,295856,738,38972,Low Risk
1976,77,6179.599972,80.25454508,Mastercard,YES,1,1629320,699,56897,Low Risk
1977,117,3676.770004,31.42538465,Mastercard,YES,2,1682611,773,57185,Low Risk
1979,63,2357.250009,37.4166668,Visa,YES,2,1358307,738,64647,Low Risk
1980,49,1874.710003,38.25938781,Mastercard,YES,1,598976,612,46603,High Risk
1981,60,2660.030013,44.33383354,Mastercard,YES,5,940785,702,39303,Low Risk
1983,104,3883.53999,37.34173067,Mastercard,YES,2,3585000,773,141161,Low Risk
1985,170,2199.069999,12.93570587,Visa,YES,2,94325,680,1426,Low Risk
1986,83,6195.02003,74.63879554,Visa,YES,2,1264573,716,48430,Low Risk
1987,69,2860.159972,41.4515938,Visa,YES,1,959100,488,33686,High Risk
1988,112,9138.590051,81.59455402,Visa,YES,1,6416928,737,109440,Low Risk
1989,139,8571.420049,61.66489244,Visa,YES,2,2549333,803,67886,Low Risk
1992,133,3329.630011,25.03481211,Visa,YES,3,1526601,710,23725,Low Risk
1993,75,4259.749987,56.79666649,Mastercard,YES,5,2278463,786,92785,Low Risk
1995,111,3637.179992,32.76738732,Visa,YES,4,880135,605,39206,High Risk
1996,82,3846.399953,46.9073165,Visa,YES,2,961200,728,44768,Low Risk
1997,104,4790.360022,46.06115405,Mastercard,YES,6,2215272,758,38800,Low Risk
1998,31,478.3799978,15.43161283,Visa,YES,2,3380,688,645,Low Risk
